conserved_AA_#,qseqid_genome_length,sseqid_genome_length,qseqid_input_seq,sseqid_input_seq,sseqid_virus,length,pident,original_qseqid_genome_ID,original_sseqid_genome_ID,avg_genome_length,distance,qseqid_genome_ID,sseqid_genome_ID
155.06,35256.0,60238.0,1.0,0.0,Stx2-converting phage 86,156,99.4,NC_002167.1,AB255436.1,47747.0,0.990257,AB255436.1,NC_002167.1
54.0,41160.0,60238.0,1.0,0.0,Stx2-converting phage 86,54,100.0,NC_001416.1,AB255436.1,50699.0,0.996805,AB255436.1,NC_001416.1
40.99,37314.0,60238.0,1.0,0.0,Stx2-converting phage 86,48,85.4,NC_002371.1,AB255436.1,48776.0,0.997479,AB255436.1,NC_002371.1
1180.02,5661.0,6407.0,1.0,0.0,Enterobacteria phage f1,1183,499.3,NC_003287.1,AB334720.1,6034.0,0.413314,AB334720.1,NC_003287.1
1180.02,5661.0,6407.0,1.0,0.0,Enterobacteria phage f1,1183,499.3,NC_003287.2,AB334720.1,6034.0,0.413314,AB334720.1,NC_003287.2
1177.04,5661.0,6407.0,1.0,0.0,Enterobacteria phage f1,1183,498.6,NC_001419.1,AB334720.1,6034.0,0.414796,AB334720.1,NC_001419.1
1380.15,5661.0,6407.0,1.0,0.0,Enterobacteria phage f1,1381,599.8,NC_003287.1,AB334721.1,6034.0,0.313812,AB334721.1,NC_003287.1
1380.15,5661.0,6407.0,1.0,0.0,Enterobacteria phage f1,1381,599.8,NC_003287.2,AB334721.1,6034.0,0.313812,AB334721.1,NC_003287.2
1376.13,5661.0,6407.0,1.0,0.0,Enterobacteria phage f1,1381,598.5,NC_001419.1,AB334721.1,6034.0,0.315811,AB334721.1,NC_001419.1
163.94,83553.0,40002.0,1.0,0.0,Ralstonia phage RSY1,297,55.2,NC_005856.1,AB981169.1,61777.5,0.992039,AB981169.1,NC_005856.1
10146.0,30858.0,33593.0,1.0,0.0,Bacteriophage P2,10146,4000.0,NC_001895.1,AF063097.1,32225.5,0.055468,AF063097.1,NC_001895.1
2103.17,35256.0,40751.0,1.0,0.0,Escherichia phage HK022,2111,1396.1,NC_002167.1,AF069308.1,38003.5,0.833976,AF069308.1,NC_002167.1
40.02,37314.0,40751.0,1.0,0.0,Escherichia phage HK022,53,75.5,NC_002371.1,AF069308.1,39032.5,0.996924,AF069308.1,NC_002371.1
11534.0,35256.0,39732.0,1.0,0.0,Escherichia phage HK97,11534,5700.0,NC_002167.1,AF069529.1,37494.0,0.077132,AF069529.1,NC_002167.1
566.96,37314.0,39732.0,1.0,0.0,Escherichia phage HK97,663,165.0,NC_002371.1,AF069529.1,38523.0,0.955848,AF069529.1,NC_002371.1
235.1,41160.0,39732.0,1.0,0.0,Escherichia phage HK97,237,99.2,NC_001416.1,AF069529.1,40446.0,0.982562,AF069529.1,NC_001416.1
11451.95,35091.0,36717.0,1.0,0.0,Escherichia phage Mu,11648,5315.7,NC_000929.1,AF083977.1,35904.0,0.043119,AF083977.1,NC_000929.1
155.06,35256.0,61670.0,1.0,0.0,Escherichia phage 933W,156,99.4,NC_002167.1,AF125520.1,48463.0,0.990401,AF125520.1,NC_002167.1
95.04,41160.0,61670.0,1.0,0.0,Escherichia phage 933W,96,99.0,NC_001416.1,AF125520.1,51415.0,0.994455,AF125520.1,NC_001416.1
403.1,37314.0,36524.0,1.0,0.0,Hamiltonella phage APSE-1,624,64.6,NC_002371.1,AF157835.1,36919.0,0.967244,AF157835.1,NC_002371.1
50547.02,157368.0,168903.0,1.0,0.0,Escherichia phage T4,50549,25198.7,NC_000866.4,AF158101.6,163135.5,0.070459,AF158101.6,NC_000866.4
14.01,35091.0,38439.0,1.0,0.0,Pseudomonas phage B3,29,48.3,NC_000929.1,AF232233.1,36765.0,0.998857,AF232233.1,NC_000929.1
26097.04,83553.0,94800.0,1.0,0.0,Escherichia phage P1,26155,9131.0,NC_005856.1,AF234172.1,89176.5,0.122066,AF234172.1,NC_005856.1
458.85,35091.0,94800.0,1.0,0.0,Escherichia phage P1,516,181.0,NC_000929.1,AF234172.1,64945.5,0.978805,AF234172.1,NC_000929.1
420.02,37314.0,38297.0,1.0,0.0,Enterobacteria phage HK620,436,391.0,NC_002371.1,AF335538.1,37805.5,0.96667,AF335538.1,NC_002371.1
261.04,35256.0,38297.0,1.0,0.0,Enterobacteria phage HK620,265,196.3,NC_002167.1,AF335538.1,36776.5,0.978706,AF335538.1,NC_002167.1
37.04,83553.0,49534.0,1.0,0.0,Myxococcus phage Mx8,108,34.3,NC_005856.1,AF396866.1,66543.5,0.99833,AF396866.1,NC_005856.1
84462.99,257586.0,280334.0,1.0,0.0,Pseudomonas phage phiKZ,84466,35797.6,NC_004629.1,AF399011.1,268960.0,0.057894,AF399011.1,NC_004629.1
390.98,35256.0,39043.0,1.0,0.0,Shigella phage Sf6,404,483.3,NC_002167.1,AF547987.1,37149.5,0.968426,AF547987.1,NC_002167.1
264.0,37314.0,39043.0,1.0,0.0,Shigella phage Sf6,292,357.7,NC_002371.1,AF547987.1,38178.5,0.979256,AF547987.1,NC_002371.1
68.0,41160.0,39043.0,1.0,0.0,Shigella phage Sf6,68,100.0,NC_001416.1,AF547987.1,40101.5,0.994913,AF547987.1,NC_001416.1
11429.0,34419.0,38208.0,1.0,0.0,Enterobacteria phage T3,11429,4400.0,NC_003298.1,AJ318471.1,36313.5,0.055806,AJ318471.1,NC_003298.1
116.0,36255.0,38208.0,1.0,0.0,Enterobacteria phage T3,119,195.1,NC_001604.1,AJ318471.1,37231.5,0.990653,AJ318471.1,NC_001604.1
155.06,35256.0,57930.0,1.0,0.0,Enterobacteria phage BP-4795,156,99.4,NC_002167.1,AJ556162.1,46593.0,0.990016,AJ556162.1,NC_002167.1
54.0,41160.0,57930.0,1.0,0.0,Enterobacteria phage BP-4795,54,100.0,NC_001416.1,AJ556162.1,49545.0,0.99673,AJ556162.1,NC_001416.1
1306.99,104481.0,14504.0,1.0,0.0,Escherichia phage Bf23,1328,691.2,NC_005859.1,AJ604530.1,59492.5,0.934093,AJ604530.1,NC_005859.1
401.92,39972.0,45251.0,1.0,0.0,Escherichia phage K1E,447,247.0,NC_004831.1,AM084415.1,42611.5,0.971703,AM084415.1,NC_004831.1
125.03,41160.0,62706.0,1.0,0.0,Escherichia phage Stx2 II,127,197.3,NC_001416.1,AP005154.1,51933.0,0.992777,AP005154.1,NC_001416.1
8061.17,157368.0,167435.0,1.0,0.0,Escherichia phage AR1,8116,5452.6,NC_000866.4,AP011113.1,162401.5,0.851088,AP011113.1,NC_000866.4
54.0,41160.0,56224.0,1.0,0.0,Stx2-converting phage Stx2a_WGPS9,54,100.0,NC_001416.1,AP012535.1,48692.0,0.996673,AP012535.1,NC_001416.1
509.17,35256.0,57849.0,1.0,0.0,Stx2-converting phage Stx2a_WGPS6,511,199.6,NC_002167.1,AP012539.1,46552.5,0.967187,AP012539.1,NC_002167.1
509.17,35256.0,55023.0,1.0,0.0,Stx2-converting phage Stx2a_WGPS8,511,199.6,NC_002167.1,AP012540.1,45139.5,0.96616,AP012540.1,NC_002167.1
54.0,41160.0,55023.0,1.0,0.0,Stx2-converting phage Stx2a_WGPS8,54,100.0,NC_001416.1,AP012540.1,48091.5,0.996631,AP012540.1,NC_001416.1
150.02,83553.0,43129.0,1.0,0.0,Edwardsiella phage GF-2,237,63.3,NC_005856.1,AP014629.1,63341.0,0.992895,AP014629.1,NC_005856.1
40.99,37314.0,43129.0,1.0,0.0,Edwardsiella phage GF-2,61,67.2,NC_002371.1,AP014629.1,40221.5,0.996943,AP014629.1,NC_002371.1
8632.28,157368.0,168697.0,1.0,0.0,Enterobacteria phage T6,8726,6607.7,NC_000866.4,AP018814.1,163032.5,0.841155,AP018814.1,NC_000866.4
5850.1,157368.0,166848.0,1.0,0.0,Escherichia phage KIT03,5868,4184.5,NC_000866.4,AP018932.1,162108.0,0.891737,AP018932.1,NC_000866.4
4137.59,104481.0,110964.0,1.0,0.0,Escherichia phage SP15,4182,1938.2,NC_005859.1,AP019559.1,107722.5,0.884771,AP019559.1,NC_005859.1
4896.77,37314.0,40679.0,1.0,0.0,Salmonella phage ST64T,5321,1907.2,NC_002371.1,AY052766.1,38996.5,0.623291,AY052766.1,NC_002371.1
584.08,30858.0,32684.0,1.0,0.0,Escherichia phage Wphi,590,494.4,NC_001895.1,AY135739.1,31771.0,0.944848,AY135739.1,NC_001895.1
293.93,37314.0,39672.0,1.0,0.0,Salmonella phage epsilon15,317,185.1,NC_002371.1,AY150271.2,38493.0,0.977092,AY150271.2,NC_002371.1
14546.0,44523.0,48836.0,1.0,0.0,Escherichia phage T1,14546,7100.0,NC_005833.1,AY216660.1,46679.5,0.065157,AY216660.1,NC_005833.1
1840.19,30858.0,30728.0,1.0,0.0,Peduovirus L413C,1853,696.9,NC_001895.1,AY251033.1,30793.0,0.82072,AY251033.1,NC_001895.1
12782.02,39972.0,43769.0,1.0,0.0,Salmonella phage SP6,12784,4798.0,NC_004831.1,AY288927.2,41870.5,0.084175,AY288927.2,NC_004831.1
353.87,39972.0,44385.0,1.0,0.0,Escherichia phage K1-5,508,366.4,NC_004831.1,AY370674.1,42178.5,0.97483,AY370674.1,NC_004831.1
183.06,35091.0,36748.0,1.0,0.0,Burkholderia phage BcepMu,401,87.1,NC_000929.1,AY539836.1,35919.5,0.984711,AY539836.1,NC_000929.1
34217.93,104481.0,121750.0,1.0,0.0,Escherichia phage T5,34220,17098.5,NC_005859.1,AY543070.1,113115.5,0.092487,AY543070.1,NC_005859.1
12472.47,37314.0,41724.0,1.0,0.0,Salmonella phage P22,12492,6488.7,NC_002371.1,BK000583.1,39519.0,0.053179,BK000583.1,NC_002371.1
541.15,3213.0,3483.0,1.0,0.0,ssRNA phage AVE017,1053,162.1,NC_001417.2,BK013361.1,3348.0,0.5151,BK013361.1,NC_001417.2
160.0,104481.0,111382.0,1.0,0.0,Escherichia phage Eps7,160,100.0,NC_005859.1,CP000917.1,107931.5,0.995553,CP000917.1,NC_005859.1
181.94,35256.0,37446.0,1.0,0.0,Escherichia coli,195,93.3,NC_002167.1,CP019275.1,36351.0,0.984985,CP019275.1,NC_002167.1
5871.7,37314.0,41941.0,1.0,0.0,Salmonella phage SE1 (in:P22virus),6229,2679.4,NC_002371.1,DQ003260.1,39627.5,0.555483,DQ003260.1,NC_002371.1
1425.53,5211.0,5486.0,1.0,0.0,Escherichia phage ID2 Moscow/ID/2001,1724,482.5,NC_001420.2,DQ079869.1,5348.5,0.200415,DQ079869.1,NC_001420.2
531.07,5175.0,5486.0,1.0,0.0,Escherichia phage ID2 Moscow/ID/2001,830,197.2,NC_001422.1,DQ079869.1,5330.5,0.701117,DQ079869.1,NC_001422.1
1650.37,5211.0,5538.0,1.0,0.0,Escherichia phage ID52,1734,567.7,NC_001420.2,DQ079877.1,5374.5,0.078776,DQ079877.1,NC_001420.2
442.14,5175.0,5538.0,1.0,0.0,Escherichia phage ID52,657,145.5,NC_001422.1,DQ079877.1,5356.5,0.752373,DQ079877.1,NC_001422.1
145.12,35091.0,36415.0,1.0,0.0,Pseudomonas phage DMS3,284,51.1,NC_000929.1,DQ631426.1,35753.0,0.987823,DQ631426.1,NC_000929.1
6607.37,157368.0,165890.0,1.0,0.0,Escherichia phage RB32,6635,5079.2,NC_000866.4,DQ904452.1,161629.0,0.87736,DQ904452.1,NC_000866.4
21955.0,66261.0,70153.0,1.0,0.0,Escherichia phage N4,21955,7200.0,NC_008720.1,EF056009.1,68207.0,0.034337,EF056009.1,NC_008720.1
134.96,157368.0,170523.0,1.0,0.0,Escherichia phage JS98,138,97.8,NC_000866.4,EF469154.1,163945.5,0.99753,EF469154.1,NC_000866.4
8913.07,41160.0,42925.0,1.0,0.0,Escherichia phage DE3,8921,3996.5,NC_001416.1,EU078592.1,42042.5,0.363996,EU078592.1,NC_001416.1
883.0,36255.0,42925.0,1.0,0.0,Escherichia phage DE3,883,100.0,NC_001604.1,EU078592.1,39590.0,0.933089,EU078592.1,NC_001604.1
261.98,37314.0,42925.0,1.0,0.0,Escherichia phage DE3,277,191.9,NC_002371.1,EU078592.1,40119.5,0.98041,EU078592.1,NC_002371.1
55.97,35091.0,36885.0,1.0,0.0,Pseudomonas phage MP38,159,35.2,NC_000929.1,EU272037.1,35988.0,0.995334,EU272037.1,NC_000929.1
726.04,34419.0,38815.0,1.0,0.0,Salmonella phage phiSG-JL2,730,299.3,NC_003298.1,EU547803.1,36617.0,0.940516,EU547803.1,NC_003298.1
5487.27,36255.0,38841.0,1.0,0.0,Escherichia phage 13a,5637,1556.3,NC_001604.1,EU734174.1,37548.0,0.56158,EU734174.1,NC_001604.1
119.0,34419.0,38841.0,1.0,0.0,Escherichia phage 13a,119,200.0,NC_003298.1,EU734174.1,36630.0,0.990254,EU734174.1,NC_003298.1
134.96,157368.0,171451.0,1.0,0.0,Escherichia phage JS10,138,97.8,NC_000866.4,EU863409.1,164409.5,0.997537,EU863409.1,NC_000866.4
456.17,35256.0,54896.0,1.0,0.0,Enterobacteria phage YYZ-2008,458,99.6,NC_002167.1,FJ184280.1,45076.0,0.96964,FJ184280.1,NC_002167.1
173.88,37314.0,54896.0,1.0,0.0,Enterobacteria phage YYZ-2008,315,55.2,NC_002371.1,FJ184280.1,46105.0,0.988686,FJ184280.1,NC_002371.1
173.88,37314.0,62147.0,1.0,0.0,Stx2-converting phage 1717,315,55.2,NC_002371.1,FJ188381.1,49730.5,0.989511,FJ188381.1,NC_002371.1
53.0,35256.0,62147.0,1.0,0.0,Stx2-converting phage 1717,53,100.0,NC_002167.1,FJ188381.1,48701.5,0.996735,FJ188381.1,NC_002167.1
6135.17,157368.0,165429.0,1.0,0.0,Escherichia phage RB14,6180,4555.7,NC_000866.4,FJ839692.1,161398.5,0.885962,FJ839692.1,NC_000866.4
3764.09,157368.0,168394.0,1.0,0.0,Enterobacteria phage RB51,3783,2376.8,NC_000866.4,FJ839693.1,162881.0,0.930672,FJ839693.1,NC_000866.4
21.98,83553.0,72544.0,1.0,0.0,Pseudomonas phage LIT1,66,33.3,NC_005856.1,FN422399.1,78048.5,0.999155,FN422399.1,NC_005856.1
23163.42,83553.0,115154.0,1.0,0.0,Escherichia phage RCS47,24560,7744.0,NC_005856.1,FO818745.1,99353.5,0.300576,FO818745.1,NC_005856.1
478.09,35091.0,115154.0,1.0,0.0,Escherichia phage RCS47,497,193.60000000000002,NC_000929.1,FO818745.1,75122.5,0.980907,FO818745.1,NC_000929.1
73.0,5661.0,6407.0,1.0,0.0,Enterobacteria phage f1,73,100.0,NC_001419.1,GQ153916.1,6034.0,0.963706,GQ153916.1,NC_001419.1
71.98,5661.0,6407.0,1.0,0.0,Enterobacteria phage f1,73,98.6,NC_003287.1,GQ153916.1,6034.0,0.964214,GQ153916.1,NC_003287.1
71.98,5661.0,6407.0,1.0,0.0,Enterobacteria phage f1,73,98.6,NC_003287.2,GQ153916.1,6034.0,0.964214,GQ153916.1,NC_003287.2
87.0,5661.0,6407.0,1.0,0.0,Enterobacteria phage f1,87,100.0,NC_001419.1,GQ153917.1,6034.0,0.956745,GQ153917.1,NC_001419.1
87.0,5661.0,6407.0,1.0,0.0,Enterobacteria phage f1,87,100.0,NC_003287.1,GQ153917.1,6034.0,0.956745,GQ153917.1,NC_003287.1
87.0,5661.0,6407.0,1.0,0.0,Enterobacteria phage f1,87,100.0,NC_003287.2,GQ153917.1,6034.0,0.956745,GQ153917.1,NC_003287.2
434.98,5661.0,6407.0,1.0,0.0,Enterobacteria phage f1,436,298.6,NC_003287.1,GQ153918.1,6034.0,0.783736,GQ153918.1,NC_003287.1
434.98,5661.0,6407.0,1.0,0.0,Enterobacteria phage f1,436,298.6,NC_003287.2,GQ153918.1,6034.0,0.783736,GQ153918.1,NC_003287.2
434.07,5661.0,6407.0,1.0,0.0,Enterobacteria phage f1,436,299.3,NC_001419.1,GQ153918.1,6034.0,0.784189,GQ153918.1,NC_001419.1
1278.11,5661.0,6407.0,1.0,0.0,Enterobacteria phage f1,1286,497.9,NC_001419.1,GQ153919.1,6034.0,0.364547,GQ153919.1,NC_001419.1
1210.02,5661.0,6407.0,1.0,0.0,Enterobacteria phage f1,1213,399.3,NC_003287.1,GQ153919.1,6034.0,0.398398,GQ153919.1,NC_003287.1
1210.02,5661.0,6407.0,1.0,0.0,Enterobacteria phage f1,1213,399.3,NC_003287.2,GQ153919.1,6034.0,0.398398,GQ153919.1,NC_003287.2
87.98,36255.0,41119.0,1.0,0.0,Klebsiella phage KP32,115,76.5,NC_001604.1,GQ413937.1,38687.0,0.993178,GQ413937.1,NC_001604.1
70.98,83553.0,135041.0,1.0,0.0,Campylobacter phage NCTC12673,169,42.0,NC_005856.1,GU296433.1,109297.0,0.998052,GU296433.1,NC_005856.1
11416.84,39972.0,43984.0,1.0,0.0,Escherichia phage UAB_Phi78,11907,3197.0,NC_004831.1,GU595417.2,41978.0,0.184084,GU595417.2,NC_004831.1
133.75,30858.0,37236.0,1.0,0.0,Burkholderia phage KS5,535,25.0,NC_001895.1,GU911303.1,34047.0,0.988215,GU911303.1,NC_001895.1
70.93,83553.0,182833.0,1.0,0.0,Campylobacter phage CP21,173,41.0,NC_005856.1,HE815464.1,133193.0,0.998402,HE815464.1,NC_005856.1
3341.89,157368.0,167063.0,1.0,0.0,Yersinia phage phiD1,3355,2391.7,NC_000866.4,HE956711.1,162215.5,0.938195,HE956711.1,NC_000866.4
563.93,44523.0,50661.0,1.0,0.0,Shigella phage Shfl1,568,195.3,NC_005833.1,HM035024.1,47592.0,0.964452,HM035024.1,NC_005833.1
1745.04,157368.0,165919.0,1.0,0.0,Shigella phage Shfl2,1754,1493.8,NC_000866.4,HM035025.1,161643.5,0.967613,HM035025.1,NC_000866.4
4708.97,35256.0,36661.0,1.0,0.0,Escherichia phage HK75,4788,1764.4,NC_002167.1,HM173637.1,35958.5,0.607133,HM173637.1,NC_002167.1
132.96,37314.0,36661.0,1.0,0.0,Escherichia phage HK75,145,91.7,NC_002371.1,HM173637.1,36987.5,0.989215,HM173637.1,NC_002371.1
712.99,157368.0,169285.0,1.0,0.0,Escherichia phage vB_EcoM_VR7,1061,67.2,NC_000866.4,HM563683.1,163326.5,0.986904,HM563683.1,NC_000866.4
1415.07,157368.0,166452.0,1.0,0.0,Escherichia phage wV7,1443,780.5,NC_000866.4,HM997020.1,161910.0,0.97378,HM997020.1,NC_000866.4
934.34,66261.0,72917.0,1.0,0.0,Escherichia phage vB_EcoP_G7C,1398,294.3,NC_008720.1,HQ259105.1,69589.0,0.95972,HQ259105.1,NC_008720.1
647.0,104481.0,118351.0,1.0,0.0,Tequintavirus SPC35,647,600.0,NC_005859.1,HQ406778.1,111416.0,0.982579,HQ406778.1,NC_005859.1
1042.97,104481.0,108853.0,1.0,0.0,Escherichia phage vB_EcoS_AKFV33,1050,892.5,NC_005859.1,HQ665011.1,106667.0,0.970666,HQ665011.1,NC_005859.1
149.06,66261.0,74669.0,1.0,0.0,Erwinia phage vB_EamP-S6,274,54.4,NC_008720.1,HQ728266.1,70465.0,0.993654,HQ728266.1,NC_008720.1
85.01,157368.0,168066.0,1.0,0.0,Escherichia phage Bp7,88,96.6,NC_000866.4,HQ829472.1,162717.0,0.998433,HQ829472.1,NC_000866.4
28.98,35091.0,49981.0,1.0,0.0,Xanthomonas phage vB_XveM_DIBBI,84,34.5,NC_000929.1,JN022534.1,42536.0,0.997956,JN022534.1,NC_000929.1
69.97,83553.0,132662.0,1.0,0.0,Campylobacter phage CPX,169,41.4,NC_005856.1,JN132397.1,108107.5,0.998058,JN132397.1,NC_005856.1
1169.05,157368.0,166499.0,1.0,0.0,Escherichia phage ime09,1202,687.4,NC_000866.4,JN202312.1,161933.5,0.978342,JN202312.1,NC_000866.4
119.0,37314.0,38684.0,1.0,0.0,Salmonella phage SPN1S,119,100.0,NC_002371.1,JN391180.1,37999.0,0.990605,JN391180.1,NC_002371.1
136.01,39972.0,43731.0,1.0,0.0,Escherichia phage vB_EcoP_ACG-C91,150,171.3,NC_004831.1,JN986844.1,41851.5,0.99025,JN986844.1,NC_004831.1
329.88,44523.0,46054.0,1.0,0.0,Escherichia phage vB_EcoS_ACG-M12,377,87.5,NC_005833.1,JN986845.1,45288.5,0.978148,JN986845.1,NC_005833.1
3740.81,157368.0,167396.0,1.0,0.0,Escherichia phage vB_EcoM_ACG-C40,3755,2095.1,NC_000866.4,JN986846.1,162382.0,0.930889,JN986846.1,NC_000866.4
45.97,257586.0,136947.0,1.0,0.0,Escherichia phage FV3,127,36.2,NC_004629.1,JQ031132.1,197266.5,0.999301,JQ031132.1,NC_004629.1
2552.85,35256.0,41468.0,1.0,0.0,Escherichia phage HK106,2617,1477.8,NC_002167.1,JQ086369.1,38362.0,0.800361,JQ086369.1,NC_002167.1
547.95,37314.0,41468.0,1.0,0.0,Escherichia phage HK106,615,363.9,NC_002371.1,JQ086369.1,39391.0,0.958268,JQ086369.1,NC_002371.1
68.0,41160.0,41468.0,1.0,0.0,Escherichia phage HK106,68,100.0,NC_001416.1,JQ086369.1,41314.0,0.995062,JQ086369.1,NC_001416.1
1907.21,35256.0,40710.0,1.0,0.0,Enterobacteria phage HK140,1917,991.3,NC_002167.1,JQ086370.1,37983.0,0.849363,JQ086370.1,NC_002167.1
381.9,41160.0,40710.0,1.0,0.0,Enterobacteria phage HK140,384,299.1,NC_001416.1,JQ086370.1,40935.0,0.972012,JQ086370.1,NC_001416.1
115.96,37314.0,40710.0,1.0,0.0,Enterobacteria phage HK140,147,150.89999999999998,NC_002371.1,JQ086370.1,39012.0,0.991083,JQ086370.1,NC_002371.1
2440.1,35256.0,39026.0,1.0,0.0,Escherichia phage HK446,2460,1676.8,NC_002167.1,JQ086372.1,37141.0,0.802905,JQ086372.1,NC_002167.1
811.95,37314.0,39026.0,1.0,0.0,Escherichia phage HK446,1019,411.09999999999997,NC_002371.1,JQ086372.1,38170.0,0.936184,JQ086372.1,NC_002371.1
104.0,41160.0,39026.0,1.0,0.0,Escherichia phage HK446,107,97.2,NC_001416.1,JQ086372.1,40093.0,0.992218,JQ086372.1,NC_001416.1
1482.1,35256.0,38964.0,1.0,0.0,Escherichia phage HK542,1494,792.7,NC_002167.1,JQ086373.1,37110.0,0.880186,JQ086373.1,NC_002167.1
273.0,41160.0,38964.0,1.0,0.0,Escherichia phage HK542,273,200.0,NC_001416.1,JQ086373.1,40062.0,0.979557,JQ086373.1,NC_001416.1
1547.02,35256.0,40155.0,1.0,0.0,Escherichia phage HK544,1550,895.8,NC_002167.1,JQ086374.1,37705.5,0.876913,JQ086374.1,NC_002167.1
387.92,37314.0,40155.0,1.0,0.0,Escherichia phage HK544,410,284.4,NC_002371.1,JQ086374.1,38734.5,0.969955,JQ086374.1,NC_002371.1
200.0,41160.0,40155.0,1.0,0.0,Escherichia phage HK544,200,300.0,NC_001416.1,JQ086374.1,40657.5,0.985243,JQ086374.1,NC_001416.1
9839.98,41160.0,47090.0,1.0,0.0,Escherichia phage HK630,9842,4199.3,NC_001416.1,JQ086376.1,44125.0,0.330993,JQ086376.1,NC_001416.1
205.96,35256.0,47090.0,1.0,0.0,Escherichia phage HK630,207,99.5,NC_002167.1,JQ086376.1,41173.0,0.984993,JQ086376.1,NC_002167.1
1098.97,35256.0,41528.0,1.0,0.0,Escherichia phage HK633,1105,794.3,NC_002167.1,JQ086377.1,38392.0,0.914125,JQ086377.1,NC_002167.1
96.03,41160.0,41528.0,1.0,0.0,Escherichia phage HK633,97,99.0,NC_001416.1,JQ086377.1,41344.0,0.993032,JQ086377.1,NC_001416.1
480.04,35256.0,38759.0,1.0,0.0,Escherichia phage mEpX2,481,499.2,NC_002167.1,JQ182726.1,37007.5,0.961086,JQ182726.1,NC_002167.1
57.0,41160.0,38759.0,1.0,0.0,Escherichia phage mEpX2,57,100.0,NC_001416.1,JQ182726.1,39959.5,0.995721,JQ182726.1,NC_001416.1
2077.47,35256.0,41567.0,1.0,0.0,Escherichia phage mEpX1,2132,673.3,NC_002167.1,JQ182727.1,38411.5,0.837746,JQ182727.1,NC_002167.1
1164.96,35256.0,37595.0,1.0,0.0,Enterobacteria phage mEp235,1189,197.9,NC_002167.1,JQ182731.1,36425.5,0.904054,JQ182731.1,NC_002167.1
261.98,37314.0,37595.0,1.0,0.0,Enterobacteria phage mEp235,277,191.9,NC_002371.1,JQ182731.1,37454.5,0.979016,JQ182731.1,NC_002371.1
1164.13,35256.0,39578.0,1.0,0.0,Escherichia phage mEp234,1166,699.2,NC_002167.1,JQ182732.1,37417.0,0.906663,JQ182732.1,NC_002167.1
196.1,37314.0,39578.0,1.0,0.0,Escherichia phage mEp234,203,193.2,NC_002371.1,JQ182732.1,38446.0,0.984698,JQ182732.1,NC_002371.1
483.12,35256.0,44120.0,1.0,0.0,Enterobacteria phage mEp213,606,163.1,NC_002167.1,JQ182733.1,39688.0,0.963481,JQ182733.1,NC_002167.1
207.0,41160.0,44120.0,1.0,0.0,Enterobacteria phage mEp213,207,100.0,NC_001416.1,JQ182733.1,42640.0,0.985436,JQ182733.1,NC_001416.1
207.0,41160.0,42780.0,1.0,0.0,Enterobacteria phage mEp043 c-1,207,100.0,NC_001416.1,JQ182734.1,41970.0,0.985204,JQ182734.1,NC_001416.1
8716.96,41160.0,47288.0,1.0,0.0,Escherichia phage HK629,8725,2997.8,NC_001416.1,JQ182735.1,44224.0,0.408672,JQ182735.1,NC_001416.1
317.98,37314.0,47288.0,1.0,0.0,Escherichia phage HK629,336,286.8,NC_002371.1,JQ182735.1,42301.0,0.977449,JQ182735.1,NC_002371.1
191.04,35256.0,47288.0,1.0,0.0,Escherichia phage HK629,192,199.2,NC_002167.1,JQ182735.1,41272.0,0.986114,JQ182735.1,NC_002167.1
67.09,35091.0,69391.0,1.0,0.0,Agrobacterium phage 7-7-1,321,20.9,NC_000929.1,JQ312117.1,52241.0,0.996147,JQ312117.1,NC_000929.1
47.0,41160.0,57198.0,1.0,0.0,Escherichia phage JLK-2012,47,100.0,NC_001416.1,JQ347801.1,49179.0,0.997133,JQ347801.1,NC_001416.1
2623.38,36255.0,37714.0,1.0,0.0,Yersinia phage YpP-Y,2672,1259.1,NC_001604.1,JQ965700.1,36984.5,0.787205,JQ965700.1,NC_001604.1
2418.5,34419.0,37714.0,1.0,0.0,Yersinia phage YpP-Y,2437,597.6,NC_003298.1,JQ965700.1,36066.5,0.79883,JQ965700.1,NC_003298.1
3852.21,36255.0,38288.0,1.0,0.0,Yersinia phage YpsP-G,3984,1654.0,NC_001604.1,JQ965703.1,37271.5,0.689934,JQ965703.1,NC_001604.1
225.0,34419.0,38288.0,1.0,0.0,Yersinia phage YpsP-G,225,300.0,NC_003298.1,JQ965703.1,36353.5,0.981432,JQ965703.1,NC_003298.1
110.94,3213.0,3523.0,1.0,0.0,Enterobacteria phage C-1 INW-2012,283,39.2,NC_001417.2,JX045649.1,3368.0,0.901185,JX045649.1,NC_001417.2
210.14,3213.0,3562.0,1.0,0.0,Enterobacteria phage Hgal1,528,39.8,NC_001417.2,JX045650.1,3387.5,0.813895,JX045650.1,NC_001417.2
5237.34,157368.0,166783.0,1.0,0.0,Escherichia phage ECML-134,5263,2487.6,NC_000866.4,JX128259.1,162075.5,0.903057,JX128259.1,NC_000866.4
55009.08,257586.0,266743.0,1.0,0.0,Pseudomonas phage PA7,55439,22920.1,NC_004629.1,JX233784.1,262164.5,0.37052,JX233784.1,NC_004629.1
1234.15,5661.0,6407.0,1.0,0.0,Inovirus M13,1235,499.8,NC_003287.1,JX412914.1,6034.0,0.386403,JX412914.1,NC_003287.1
1234.15,5661.0,6407.0,1.0,0.0,Inovirus M13,1235,499.8,NC_003287.2,JX412914.1,6034.0,0.386403,JX412914.1,NC_003287.2
457.91,5661.0,6407.0,1.0,0.0,Inovirus M13,460,199.4,NC_001419.1,JX412914.1,6034.0,0.772334,JX412914.1,NC_001419.1
1503.68,66261.0,69855.0,1.0,0.0,Escherichia phage ECBP1,2516,605.9,NC_008720.1,JX415535.1,68058.0,0.933718,JX415535.1,NC_008720.1
11416.02,34419.0,38202.0,1.0,0.0,Enterobacteria phage T7M,11430,4391.5,NC_003298.1,JX421753.1,36310.5,0.0568,JX421753.1,NC_003298.1
51.01,36255.0,38202.0,1.0,0.0,Enterobacteria phage T7M,52,98.1,NC_001604.1,JX421753.1,37228.5,0.995889,JX421753.1,NC_001604.1
80.0,157368.0,169158.0,1.0,0.0,Escherichia phage HX01,80,100.0,NC_000866.4,JX536493.1,163263.0,0.99853,JX536493.1,NC_000866.4
35.0,66261.0,147737.0,1.0,0.0,Escherichia phage phAPEC8,100,35.0,NC_008720.1,JX561091.1,106999.0,0.999019,JX561091.1,NC_008720.1
352.86,66261.0,72570.0,1.0,0.0,Escherichia phage IME11,574,185.0,NC_008720.1,JX880034.1,69415.5,0.98475,JX880034.1,NC_008720.1
1536.81,44523.0,50552.0,1.0,0.0,Escherichia phage ADB-2,1549,1088.5,NC_005833.1,JX912252.1,47537.5,0.903015,JX912252.1,NC_005833.1
38.01,39972.0,42215.0,1.0,0.0,Salmonella phage FSL SP-031,55,69.1,NC_004831.1,KC139518.1,41093.5,0.997225,KC139518.1,NC_004831.1
81.94,83553.0,72098.0,1.0,0.0,Salmonella phage FSL SP-076,135,60.7,NC_005856.1,KC139520.1,77825.5,0.996841,KC139520.1,NC_005856.1
74.0,30858.0,29742.0,1.0,0.0,Salmonella phage FSLSP004,74,100.0,NC_001895.1,KC139521.1,30300.0,0.992673,KC139521.1,NC_001895.1
176.97,83553.0,41391.0,1.0,0.0,Salmonella phage SP069,302,58.6,NC_005856.1,KC139649.1,62472.0,0.991502,KC139649.1,NC_005856.1
734.82,66261.0,70912.0,1.0,0.0,Escherichia phage EC1-UPM,1097,402.2,NC_008720.1,KC206276.2,68586.5,0.967859,KC206276.2,NC_008720.1
562.85,30858.0,31200.0,1.0,0.0,Escherichia phage P2,568,198.7,NC_001895.1,KC618326.1,31029.0,0.945581,KC618326.1,NC_001895.1
87.11,104481.0,176227.0,1.0,0.0,Escherichia phage Lw1,238,36.6,NC_005859.1,KC801932.2,140354.0,0.998138,KC801932.2,NC_005859.1
8599.25,34419.0,38209.0,1.0,0.0,Enterobacteria phage T3,8615,3791.2,NC_003298.1,KC960671.1,36314.0,0.289592,KC960671.1,NC_003298.1
449.94,66261.0,71248.0,1.0,0.0,Escherichia phage vB_EcoP_PhAPEC5,618,341.8,NC_008720.1,KF192075.1,68754.5,0.980368,KF192075.1,NC_008720.1
5956.18,157368.0,167785.0,1.0,0.0,Yersinia phage PST,5994,2882.5,NC_000866.4,KF208315.1,162576.5,0.890091,KF208315.1,NC_000866.4
1323.09,30858.0,33628.0,1.0,0.0,Enterobacteria phage fiAA91-ss,1334,793.3,NC_001895.1,KF322032.1,32243.0,0.876895,KF322032.1,NC_001895.1
847.2,66261.0,71778.0,1.0,0.0,Escherichia phage vB_EcoP_PhAPEC7,1183,365.9,NC_008720.1,KF562340.1,69019.5,0.963176,KF562340.1,NC_008720.1
203.03,66261.0,71629.0,1.0,0.0,Shigella phage pSb-1,327,254.1,NC_008720.1,KF620435.1,68945.0,0.991165,KF620435.1,NC_008720.1
54.96,35091.0,49246.0,1.0,0.0,Bacillus phage Glittering,229,24.0,NC_000929.1,KF669651.1,42168.5,0.99609,KF669651.1,NC_000929.1
117.04,36255.0,39860.0,1.0,0.0,Erwinia phage FE44,139,84.2,NC_001604.1,KF700371.1,38057.5,0.990774,KF700371.1,NC_001604.1
78.05,66261.0,75568.0,1.0,0.0,Erwinia phage Ea9-2,193,81.1,NC_008720.1,KF806588.1,70914.5,0.996698,KF806588.1,NC_008720.1
1645.81,157368.0,166977.0,1.0,0.0,Escherichia phage HY01,1651,599.0,NC_000866.4,KF925357.1,162172.5,0.969554,KF925357.1,NC_000866.4
184.98,157368.0,167266.0,1.0,0.0,Serratia phage PS2,351,52.7,NC_000866.4,KJ025957.1,162317.0,0.996581,KJ025957.1,NC_000866.4
339.02,66261.0,72583.0,1.0,0.0,Escherichia phage Bp4,471,218.39999999999998,NC_008720.1,KJ135004.2,69422.0,0.98535,KJ135004.2,NC_008720.1
3142.27,104481.0,108483.0,1.0,0.0,Escherichia phage vB_EcoS_FFH_1,3211,1871.4,NC_005859.1,KJ190157.1,106482.0,0.911471,KJ190157.1,NC_005859.1
183.98,41160.0,56702.0,1.0,0.0,Enterobacteria phage 9g,251,73.3,NC_001416.1,KJ419279.1,48931.0,0.98872,KJ419279.1,NC_001416.1
3580.04,157368.0,168470.0,1.0,0.0,Escherichia phage vB_EcoM_112,3601,2287.2,NC_000866.4,KJ668714.2,162919.0,0.934077,KJ668714.2,NC_000866.4
43.99,66261.0,68365.0,1.0,0.0,Escherichia phage Pollock,52,84.6,NC_008720.1,KM236242.1,67313.0,0.998039,KM236242.1,NC_008720.1
160.0,104481.0,123475.0,1.0,0.0,Epseptimavirus stitch,160,100.0,NC_005859.1,KM236244.1,113978.0,0.995789,KM236244.1,NC_005859.1
332.04,36255.0,38810.0,1.0,0.0,Escherichia phage CICC 80001,339,394.0,NC_001604.1,KM242061.1,37532.5,0.97346,KM242061.1,NC_001604.1
11565.86,39972.0,43602.0,1.0,0.0,Salmonella phage BP12B,11851,3575.0,NC_004831.1,KM366097.1,41787.0,0.169656,KM366097.1,NC_004831.1
90.94,39972.0,44366.0,1.0,0.0,Lelliottia phage phD2B,116,78.4,NC_004831.1,KM370384.1,42169.0,0.99353,KM370384.1,NC_004831.1
909.12,157368.0,164999.0,1.0,0.0,Shigella phage pSs-1,910,399.8,NC_000866.4,KM501444.1,161183.5,0.983079,KM501444.1,NC_000866.4
3750.8,157368.0,168402.0,1.0,0.0,Escherichia phage RB3,3769,1689.6,NC_000866.4,KM606994.1,162885.0,0.930918,KM606994.1,NC_000866.4
2493.95,157368.0,165179.0,1.0,0.0,Enterobacteria phage RB27,2510,994.9,NC_000866.4,KM607000.1,161273.5,0.953608,KM607000.1,NC_000866.4
1082.86,104481.0,108065.0,1.0,0.0,Escherichia phage DT57C,1098,882.4,NC_005859.1,KM979354.1,106273.0,0.969432,KM979354.1,NC_005859.1
900.86,104481.0,108418.0,1.0,0.0,Escherichia phage DT571/2,905,597.8,NC_005859.1,KM979355.1,106449.5,0.974612,KM979355.1,NC_005859.1
9795.17,35091.0,37146.0,1.0,0.0,Shigella phage SfMu,10441,4431.2,NC_000929.1,KP010268.1,36118.5,0.186414,KP010268.1,NC_000929.1
259.92,83553.0,37146.0,1.0,0.0,Shigella phage SfMu,361,72.0,NC_005856.1,KP010268.1,60349.5,0.987079,KP010268.1,NC_005856.1
169.05,83553.0,35814.0,1.0,0.0,Escherichia phage P88,175,96.6,NC_005856.1,KP063541.1,59683.5,0.991503,KP063541.1,NC_005856.1
1828.21,104481.0,120098.0,1.0,0.0,Salmonella phage Shivani,1858,1374.8,NC_005859.1,KP143763.1,112289.5,0.951156,KP143763.1,NC_005859.1
81.0,34419.0,38625.0,1.0,0.0,Citrobacter phage phiCFP-1,81,100.0,NC_003298.1,KP313531.1,36522.0,0.993346,KP313531.1,NC_003298.1
173.95,35256.0,61292.0,1.0,0.0,Escherichia phage PA28,175,99.4,NC_002167.1,KP682381.1,48274.0,0.98919,KP682381.1,NC_002167.1
90.02,37314.0,61292.0,1.0,0.0,Escherichia phage PA28,103,87.4,NC_002371.1,KP682381.1,49303.0,0.994522,KP682381.1,NC_002371.1
83.0,34419.0,36051.0,1.0,0.0,Enterobacter phage E-2,83,100.0,NC_003298.1,KP791805.1,35235.0,0.992933,KP791805.1,NC_003298.1
37.0,34419.0,31522.0,1.0,0.0,Enterobacter phage E-3,37,100.0,NC_003298.1,KP791806.1,32970.5,0.996633,KP791806.1,NC_003298.1
41.03,39972.0,44573.0,1.0,0.0,Proteus phage vB_PmiP_Pm5460,97,42.3,NC_004831.1,KP890822.1,42272.5,0.997088,KP890822.1,NC_004831.1
987.05,30858.0,32675.0,1.0,0.0,Escherichia phage pro147,988,599.4,NC_001895.1,KR073660.1,31766.5,0.906784,KR073660.1,NC_001895.1
991.9,30858.0,29237.0,1.0,0.0,Escherichia phage pro483,999,597.4,NC_001895.1,KR073661.1,30047.5,0.900967,KR073661.1,NC_001895.1
144.94,83553.0,29237.0,1.0,0.0,Escherichia phage pro483,183,79.2,NC_005856.1,KR073661.1,56395.0,0.99229,KR073661.1,NC_005856.1
1091.82,104481.0,111325.0,1.0,0.0,Salmonella phage NR01,1094,398.8,NC_005859.1,KR233164.1,107903.0,0.969644,KR233164.1,NC_005859.1
1566.95,157368.0,170770.0,1.0,0.0,Escherichia phage HY03,1575,996.9,NC_000866.4,KR269718.1,164069.0,0.971348,KR269718.1,NC_000866.4
93.0,157368.0,168758.0,1.0,0.0,Klebsiella phage PKO111,100,93.0,NC_000866.4,KR269720.1,163063.0,0.998289,KR269720.1,NC_000866.4
863.9,104481.0,103737.0,1.0,0.0,Escherichia phage phiAPCEc03,876,685.7,NC_005859.1,KR422353.1,104109.0,0.975106,KR422353.1,NC_005859.1
80.99,157368.0,170527.0,1.0,0.0,Escherichia phage QL01,102,79.4,NC_000866.4,KT176190.1,163947.5,0.998518,KT176190.1,NC_000866.4
2232.15,157368.0,168496.0,1.0,0.0,Enterobacteria phage Aplg8,2252,1092.5,NC_000866.4,KT184308.1,162932.0,0.9589,KT184308.1,NC_000866.4
1969.07,157368.0,166514.0,1.0,0.0,Enterobacteria phage GiZh,1978,798.1,NC_000866.4,KT184311.1,161941.0,0.963522,KT184311.1,NC_000866.4
2657.43,157368.0,167318.0,1.0,0.0,Enterobacteria phage Kha5h,2698,595.0,NC_000866.4,KT184312.1,162343.0,0.950892,KT184312.1,NC_000866.4
27.97,66261.0,166313.0,1.0,0.0,Klebsiella phage JD18,63,44.4,NC_008720.1,KT239446.1,116287.0,0.999278,KT239446.1,NC_008720.1
32.01,66261.0,72825.0,1.0,0.0,Achromobacter phage phiAxp-3,55,58.2,NC_008720.1,KT321317.2,69543.0,0.998619,KT321317.2,NC_008720.1
5441.1,44523.0,50298.0,1.0,0.0,Escherichia phage JMPW2,5500,3046.7,NC_005833.1,KU194205.1,47410.5,0.655703,KU194205.1,NC_005833.1
4655.88,44523.0,49628.0,1.0,0.0,Escherichia phage JMPW1,4757,1852.9,NC_005833.1,KU194206.1,47075.5,0.703293,KU194206.1,NC_005833.1
32.01,35091.0,139100.0,1.0,0.0,Nodularia phage vB_NpeS-2AV2,106,30.2,NC_000929.1,KU230356.1,87095.5,0.998897,KU230356.1,NC_000929.1
81.0,34419.0,39434.0,1.0,0.0,Citrobacter phage SH1,81,100.0,NC_003298.1,KU687347.1,36926.5,0.993419,KU687347.1,NC_003298.1
20625.08,83553.0,103445.0,1.0,0.0,Salmonella phage SJ46,21821,7482.3,NC_005856.1,KU760857.1,93499.0,0.338226,KU760857.1,NC_005856.1
495.97,157368.0,165772.0,1.0,0.0,Escherichia phage vB_EcoM-UFV13,498,199.1,NC_000866.4,KU867876.1,161570.0,0.990791,KU867876.1,NC_000866.4
2027.87,157368.0,166423.0,1.0,0.0,Escherichia phage PE37,2061,680.8,NC_000866.4,KU925172.1,161895.5,0.962423,KU925172.1,NC_000866.4
1943.08,36255.0,39235.0,1.0,0.0,Escherichia phage 64795_ec1,2036,854.5,NC_001604.1,KU927499.1,37745.0,0.845563,KU927499.1,NC_001604.1
52.0,34419.0,39235.0,1.0,0.0,Escherichia phage 64795_ec1,52,100.0,NC_003298.1,KU927499.1,36827.0,0.995764,KU927499.1,NC_003298.1
173.95,35256.0,57123.0,1.0,0.0,Stx1 converting phage AU6Stx1,175,99.4,NC_002167.1,KU977420.1,46189.5,0.988702,KU977420.1,NC_002167.1
975.89,157368.0,170788.0,1.0,0.0,Escherichia phage UFV-AREG1,1004,294.0,NC_000866.4,KX009778.3,164078.0,0.982157,KX009778.3,NC_000866.4
78.04,66261.0,75147.0,1.0,0.0,Erwinia phage vB_EamP_Frozen,197,79.4,NC_008720.1,KX098389.2,70704.0,0.996689,KX098389.2,NC_008720.1
1945.91,157368.0,170650.0,1.0,0.0,Shigella phage SHFML-11,1960,1092.0,NC_000866.4,KX130861.1,164009.0,0.964406,KX130861.1,NC_000866.4
2070.16,157368.0,168993.0,1.0,0.0,Shigella phage SHFML-26,2087,1386.8,NC_000866.4,KX130862.1,163180.5,0.961941,KX130862.1,NC_000866.4
1643.91,104481.0,108050.0,1.0,0.0,Shigella phage SHSML-45,1655,1091.2,NC_005859.1,KX130863.1,106265.5,0.953591,KX130863.1,NC_005859.1
871.96,157368.0,166634.0,1.0,0.0,Shigella phage SHBML-50-1,890,292.7,NC_000866.4,KX130864.1,162001.0,0.983853,KX130864.1,NC_000866.4
395.02,157368.0,169621.0,1.0,0.0,Shigella phage SHSML-52-1,397,99.5,NC_000866.4,KX130865.1,163494.5,0.992752,KX130865.1,NC_000866.4
74.96,35091.0,49822.0,1.0,0.0,Clostridium phage CDKM9,285,26.3,NC_000929.1,KX228399.1,42456.5,0.994704,KX228399.1,NC_000929.1
134.94,157368.0,168272.0,1.0,0.0,Klebsiella phage vB_KpnM_KpV477,156,86.5,NC_000866.4,KX258185.1,162820.0,0.997514,KX258185.1,NC_000866.4
48.96,39972.0,44559.0,1.0,0.0,Escherichia phage AAPEc6,96,51.0,NC_004831.1,KX279892.2,42265.5,0.996525,KX279892.2,NC_004831.1
2224.93,44523.0,50552.0,1.0,0.0,Shigella phage SH6,2249,1479.0,NC_005833.1,KX828710.1,47537.5,0.859589,KX828710.1,NC_005833.1
2110.14,157368.0,164870.0,1.0,0.0,Shigella phage SH7,2127,692.5,NC_000866.4,KX828711.1,161119.0,0.96071,KX828711.1,NC_000866.4
555.02,30858.0,28946.0,1.0,0.0,Salmonella phage STYP1,557,499.2,NC_001895.1,KX833211.1,29902.0,0.944316,KX833211.1,NC_001895.1
836.93,104481.0,117842.0,1.0,0.0,Salmonella phage SP01,963,616.3,NC_005859.1,KY114934.1,111161.5,0.977413,KY114934.1,NC_005859.1
1564.87,157368.0,168266.0,1.0,0.0,Escherichia phage YUEEL01,1584,687.1,NC_000866.4,KY290975.3,162817.0,0.971166,KY290975.3,NC_000866.4
139.93,39972.0,37775.0,1.0,0.0,Escherichia phage vB_EcoP_K,156,89.7,NC_004831.1,KY295897.1,38873.5,0.989201,KY295897.1,NC_004831.1
2717.63,104481.0,107263.0,1.0,0.0,Escherichia phage phiLLS,2733,1194.7,NC_005859.1,KY677846.1,105872.0,0.922993,KY677846.1,NC_005859.1
228.1,41160.0,62020.0,1.0,0.0,Escherichia phage ArgO145,283,80.6,NC_001416.1,KY914478.1,51590.0,0.986736,KY914478.1,NC_001416.1
224.02,104481.0,113299.0,1.0,0.0,Shigella phage SSP1,226,197.0,NC_005859.1,KY963424.1,108890.0,0.993828,KY963424.1,NC_005859.1
520.01,35256.0,40469.0,1.0,0.0,Escherichia phage ECP1,522,399.0,NC_002167.1,KY979108.1,37862.5,0.958798,KY979108.1,NC_002167.1
146.0,41160.0,40469.0,1.0,0.0,Escherichia phage ECP1,146,100.0,NC_001416.1,KY979108.1,40814.5,0.989269,KY979108.1,NC_001416.1
80.04,37314.0,40469.0,1.0,0.0,Escherichia phage ECP1,92,87.0,NC_002371.1,KY979108.1,38891.5,0.993826,KY979108.1,NC_002371.1
1503.97,44523.0,49088.0,1.0,0.0,Escherichia phage vB_EcoS_SH2,1526,1079.2,NC_005833.1,KY985004.1,46805.5,0.903603,KY985004.1,NC_005833.1
1210.06,157368.0,167812.0,1.0,0.0,Escherichia phage PP01,1221,482.2,NC_000866.4,LC348379.1,162590.0,0.977673,LC348379.1,NC_000866.4
2475.66,157368.0,163825.0,1.0,0.0,Escherichia phage T2,2500,979.6,NC_000866.4,LC348380.1,160596.5,0.953754,LC348380.1,NC_000866.4
748.02,44523.0,50168.0,1.0,0.0,Escherichia phage vB_EcoS-DELF2,756,692.5,NC_005833.1,LC516895.1,47345.5,0.952603,LC516895.1,NC_005833.1
806.75,157368.0,167298.0,1.0,0.0,Escherichia phage slur02,814,396.2,NC_000866.4,LN881726.1,162333.0,0.985091,LN881726.1,NC_000866.4
949.05,157368.0,167467.0,1.0,0.0,Escherichia phage slur03,959,396.4,NC_000866.4,LN881728.1,162417.5,0.98247,LN881728.1,NC_000866.4
490.88,157368.0,167298.0,1.0,0.0,Escherichia phage slur04,493,297.8,NC_000866.4,LN881729.1,162333.0,0.990928,LN881729.1,NC_000866.4
1977.89,157368.0,167124.0,1.0,0.0,Escherichia phage slur07,2001,494.4,NC_000866.4,LN881732.1,162246.0,0.963428,LN881732.1,NC_000866.4
2539.78,104481.0,111751.0,1.0,0.0,Escherichia phage slur09,2605,971.1,NC_005859.1,LN887948.1,108116.0,0.929526,LN887948.1,NC_005859.1
1844.94,104481.0,107601.0,1.0,0.0,Escherichia phage vB_Eco_mar004NP2,1863,986.9,NC_005859.1,LR027384.1,106041.0,0.947805,LR027384.1,NC_005859.1
1887.9,157368.0,169060.0,1.0,0.0,Yersinia phage fPS-2,1907,987.6,NC_000866.4,LR215722.1,163214.0,0.965299,LR215722.1,NC_000866.4
477.86,157368.0,167132.0,1.0,0.0,Yersinia phage fPS-90,485,392.6,NC_000866.4,LR215723.1,162250.0,0.991164,LR215723.1,NC_000866.4
1064.28,157368.0,167058.0,1.0,0.0,Yersinia phage fPS-65,1075,590.3,NC_000866.4,LR215724.1,162213.0,0.980317,LR215724.1,NC_000866.4
917.0,41160.0,46703.0,1.0,0.0,Escherichia virus Lambda_1H12,917,400.0,NC_001416.1,LR595850.1,43931.5,0.93738,LR595850.1,NC_001416.1
354.93,35256.0,48763.0,1.0,0.0,Escherichia virus Lambda_2B8,356,99.7,NC_002167.1,LR595859.1,42009.5,0.974653,LR595859.1,NC_002167.1
122.0,41160.0,48763.0,1.0,0.0,Escherichia virus Lambda_2B8,122,100.0,NC_001416.1,LR595859.1,44961.5,0.99186,LR595859.1,NC_001416.1
326.0,41160.0,46288.0,1.0,0.0,Escherichia phage 2H10,326,300.0,NC_001416.1,LR595862.1,43724.0,0.977632,LR595862.1,NC_001416.1
144.98,35256.0,47142.0,1.0,0.0,Escherichia virus Lambda_2G7b,146,99.3,NC_002167.1,LR595866.1,41199.0,0.989443,LR595866.1,NC_002167.1
122.0,41160.0,47142.0,1.0,0.0,Escherichia virus Lambda_2G7b,122,100.0,NC_001416.1,LR595866.1,44151.0,0.99171,LR595866.1,NC_001416.1
71.98,37314.0,47142.0,1.0,0.0,Escherichia virus Lambda_2G7b,118,61.0,NC_002371.1,LR595866.1,42228.0,0.994886,LR595866.1,NC_002371.1
844.08,30858.0,31342.0,1.0,0.0,Peduovirus P22H4,846,499.4,NC_001895.1,LR595869.1,31100.0,0.918577,LR595869.1,NC_001895.1
1454.06,30858.0,32662.0,1.0,0.0,Peduovirus P22H1,1462,1094.7,NC_001895.1,LR595870.1,31760.0,0.862651,LR595870.1,NC_001895.1
1071.0,30858.0,32118.0,1.0,0.0,Peduovirus P24B2,1071,600.0,NC_001895.1,LR595873.1,31488.0,0.897961,LR595873.1,NC_001895.1
1251.87,30858.0,32150.0,1.0,0.0,Peduovirus P24C9,1260,697.6,NC_001895.1,LR595883.1,31504.0,0.88079,LR595883.1,NC_001895.1
1164.17,30858.0,31128.0,1.0,0.0,Peduovirus P24E6b,1176,472.8,NC_001895.1,LR595885.1,30993.0,0.887313,LR595885.1,NC_001895.1
1055.37,30858.0,32848.0,1.0,0.0,Peduovirus P24A7b,1083,466.6,NC_001895.1,LR595887.1,31853.0,0.900602,LR595887.1,NC_001895.1
341.97,35091.0,37100.0,1.0,0.0,Xuanwuvirus P884B11,352,194.3,NC_000929.1,LR595891.1,36095.5,0.971578,LR595891.1,NC_000929.1
167.97,83553.0,37100.0,1.0,0.0,Xuanwuvirus P884B11,177,94.9,NC_005856.1,LR595891.1,60326.5,0.991647,LR595891.1,NC_005856.1
380.98,41160.0,47224.0,1.0,0.0,Escherichia phage Lambda_ev099,382,398.6,NC_001416.1,LR597635.1,44192.0,0.974137,LR597635.1,NC_001416.1
72.0,35256.0,47224.0,1.0,0.0,Escherichia phage Lambda_ev099,72,100.0,NC_002167.1,LR597635.1,41240.0,0.994762,LR597635.1,NC_002167.1
71.98,37314.0,47224.0,1.0,0.0,Escherichia phage Lambda_ev099,118,61.0,NC_002371.1,LR597635.1,42269.0,0.994891,LR597635.1,NC_002371.1
144.98,35256.0,46685.0,1.0,0.0,Escherichia phage Lambda_ev207,146,99.3,NC_002167.1,LR597636.1,40970.5,0.989384,LR597636.1,NC_002167.1
1317.1,41160.0,45560.0,1.0,0.0,Escherichia phage Lambda_ev243,1319,798.7,NC_001416.1,LR597639.1,43360.0,0.908872,LR597639.1,NC_001416.1
71.98,37314.0,50126.0,1.0,0.0,Escherichia phage Lambda_ev017,118,61.0,NC_002371.1,LR597643.1,43720.0,0.995061,LR597643.1,NC_002371.1
123.95,104481.0,110393.0,1.0,0.0,Escherichia phage T5_ev219,134,185.0,NC_005859.1,LR597655,107437.0,0.996539,LR597655,NC_005859.1
3913.2,37314.0,40525.0,1.0,0.0,Lederbergvirus BTP1,4359,1849.0,NC_002371.1,LT714109.2,38919.5,0.698362,LT714109.2,NC_002371.1
1312.06,157368.0,169805.0,1.0,0.0,Salmonella phage SG1,1320,596.9,NC_000866.4,MF001354.1,163586.5,0.975938,MF001354.1,NC_000866.4
485.03,157368.0,168805.0,1.0,0.0,Escherichia phage EC121,489,297.6,NC_000866.4,MF001359.1,163086.5,0.991078,MF001359.1,NC_000866.4
408.06,157368.0,168638.0,1.0,0.0,Escherichia phage ECO4,410,397.8,NC_000866.4,MF001360.1,163003.0,0.99249,MF001360.1,NC_000866.4
74.05,157368.0,171175.0,1.0,0.0,Serratia phage CHI14,149,49.7,NC_000866.4,MF036690.1,164271.5,0.998648,MF036690.1,NC_000866.4
801.06,44523.0,50564.0,1.0,0.0,Shigella phage vB_SsoS-ISF002,820,588.1,NC_005833.1,MF093736.1,47543.5,0.949453,MF093736.1,NC_005833.1
568.94,157368.0,166283.0,1.0,0.0,Shigella phage Sf22,576,295.9,NC_000866.4,MF158045.1,161825.5,0.989453,MF158045.1,NC_000866.4
277.08,157368.0,167678.0,1.0,0.0,Shigella phage Sf23,292,192.3,NC_000866.4,MF158046.1,162523.0,0.994885,MF158046.1,NC_000866.4
435.98,157368.0,166002.0,1.0,0.0,Shigella phage Sf21,437,298.5,NC_000866.4,MF327007.1,161685.0,0.991911,MF327007.1,NC_000866.4
810.1,157368.0,168112.0,1.0,0.0,Shigella phage Sf24,811,399.7,NC_000866.4,MF327008.1,162740.0,0.985066,MF327008.1,NC_000866.4
2235.32,104481.0,110901.0,1.0,0.0,Escherichia phage OSYSP,2247,1096.2,NC_005859.1,MF402939.1,107691.0,0.93773,MF402939.1,NC_005859.1
1909.22,104481.0,120622.0,1.0,0.0,Escherichia phage chee24,1930,1485.7,NC_005859.1,MF431730.1,112551.5,0.949111,MF431730.1,NC_005859.1
83.97,44523.0,50403.0,1.0,0.0,Shigella phage Sfin-1,90,93.3,NC_005833.1,MF468274.1,47463.0,0.994692,MF468274.1,NC_005833.1
48.96,35091.0,61644.0,1.0,0.0,Klebsiella phage SopranoGao,173,28.3,NC_000929.1,MF612073.1,48367.5,0.996963,MF612073.1,NC_000929.1
440.97,104481.0,111601.0,1.0,0.0,Salmonella phage LVR16A,442,299.4,NC_005859.1,MF681663.1,108041.0,0.987756,MF681663.1,NC_005859.1
47.92,83553.0,30247.0,1.0,0.0,Lactococcus phage LP1502a,163,29.4,NC_005856.1,MF775703.1,56900.0,0.997473,MF775703.1,NC_005856.1
56762.05,257586.0,279696.0,1.0,0.0,Pseudomonas phage SL2,57422,24391.3,NC_004629.1,MF805716.1,268641.0,0.36612,MF805716.1,NC_004629.1
201.95,39972.0,44784.0,1.0,0.0,Escherichia phage mutPK1A2,262,296.7,NC_004831.1,MG004687.1,42378.0,0.985704,MG004687.1,NC_004831.1
546.01,66261.0,70211.0,1.0,0.0,Pseudomonas phage inbricus,818,197.0,NC_008720.1,MG018928.1,68236.0,0.975995,MG018928.1,NC_008720.1
26.0,37314.0,44829.0,1.0,0.0,Escherichia phage VB_EcoS-Golestan,65,40.0,NC_002371.1,MG099933.1,41071.5,0.998101,MG099933.1,NC_002371.1
52.03,39972.0,44895.0,1.0,0.0,Escherichia phage VEc3,69,75.4,NC_004831.1,MG251390.1,42433.5,0.996322,MG251390.1,NC_004831.1
576.85,104481.0,109306.0,1.0,0.0,Salmonella phage SP3,580,299.3,NC_005859.1,MG387042.1,106893.5,0.983811,MG387042.1,NC_005859.1
875.31,104481.0,111103.0,1.0,0.0,Klebsiella phage Sugarland,1204,72.7,NC_005859.1,MG459987.2,107792.0,0.975639,MG459987.2,NC_005859.1
127.99,36255.0,39688.0,1.0,0.0,Salmonella phage BSP161,149,85.9,NC_001604.1,MG471392.1,37971.5,0.989888,MG471392.1,NC_001604.1
738.97,36255.0,39919.0,1.0,0.0,Escherichia phage EG1,808,534.3,NC_001604.1,MG488277.1,38087.0,0.941793,MG488277.1,NC_001604.1
95.0,157368.0,170764.0,1.0,0.0,Klebsiella phage vB_Kpn_F48,100,95.0,NC_000866.4,MG746602.1,164066.0,0.998263,MG746602.1,NC_000866.4
243.01,39972.0,44349.0,1.0,0.0,Citrobacter phage vB_CroP_CrRp3,390,218.8,NC_004831.1,MG775042.2,42160.5,0.982708,MG775042.2,NC_004831.1
89.0,157368.0,168403.0,1.0,0.0,Citrobacter phage vB_CroM_CrRp10,89,100.0,NC_000866.4,MG775043.2,162885.5,0.998361,MG775043.2,NC_000866.4
565.97,157368.0,167076.0,1.0,0.0,Escherichia phage vB_EcoM-fFiEco06,572,391.2,NC_000866.4,MG781190.1,162222.0,0.989533,MG781190.1,NC_000866.4
251.07,36255.0,39482.0,1.0,0.0,Escherichia phage HZ2R8,265,191.0,NC_001604.1,MG832642.1,37868.5,0.98011,MG832642.1,NC_001604.1
1601.74,157368.0,170121.0,1.0,0.0,Escherichia phage vB_EcoM-G28,1610,694.8,NC_000866.4,MG867727.1,163744.5,0.970654,MG867727.1,NC_000866.4
7642.51,66261.0,73679.0,1.0,0.0,Klebsiella phage KP8,11255,1808.3999999999999,NC_008720.1,MG922974.1,69970.0,0.672323,MG922974.1,NC_008720.1
24.0,36255.0,39752.0,1.0,0.0,Escherichia phage Ebrios,63,38.1,NC_001604.1,MG966531.1,38003.5,0.998105,MG966531.1,NC_001604.1
26.99,66261.0,164037.0,1.0,0.0,Erwinia phage vB_EamM-Bue1,66,40.9,NC_008720.1,MG973030.1,115149.0,0.999297,MG973030.1,NC_008720.1
2520.07,44523.0,50354.0,1.0,0.0,Enterobacteria phage vB_EcoS_IME18,2590,1151.8,NC_005833.1,MH051911.1,47438.5,0.840631,MH051911.1,NC_005833.1
134.96,157368.0,170531.0,1.0,0.0,Enterobacteria phage vB_EcoM_IME281,138,97.8,NC_000866.4,MH051913.1,163949.5,0.99753,MH051913.1,NC_000866.4
57.0,157368.0,164366.0,1.0,0.0,Enterobacteria phage vB_EcoM_IME339,60,95.0,NC_000866.4,MH051915.1,160867.0,0.998937,MH051915.1,NC_000866.4
438.09,157368.0,165549.0,1.0,0.0,Enterobacteria phage vB_EcoM_IME340,451,193.8,NC_000866.4,MH051916.1,161458.5,0.99186,MH051916.1,NC_000866.4
816.81,104481.0,101665.0,1.0,0.0,Escherichia phage Gostya9,843,673.9,NC_005859.1,MH203051.1,103073.0,0.976226,MH203051.1,NC_005859.1
603.99,157368.0,166083.0,1.0,0.0,Escherichia phage vB_EcoM_NBG2,606,298.9,NC_000866.4,MH243439.1,161725.5,0.988796,MH243439.1,NC_000866.4
2235.47,44523.0,49372.0,1.0,0.0,Escherichia phage Eco_BIFF,2327,861.1,NC_005833.1,MH285980.1,46947.5,0.857151,MH285980.1,NC_005833.1
30.03,37314.0,47393.0,1.0,0.0,Salmonella phage Skate,71,42.3,NC_002371.1,MH321493.1,42353.5,0.997873,MH321493.1,NC_002371.1
28.98,66261.0,166130.0,1.0,0.0,Klebsiella phage Mineola,63,46.0,NC_008720.1,MH333064.1,116195.5,0.999252,MH333064.1,NC_008720.1
66.94,35091.0,41775.0,1.0,0.0,Escherichia phage C130_2,131,51.1,NC_000929.1,MH363708.1,38433.0,0.994775,MH363708.1,NC_000929.1
207.97,104481.0,110664.0,1.0,0.0,Salmonella phage S116,212,98.1,NC_005859.1,MH370369.1,107572.5,0.9942,MH370369.1,NC_005859.1
227.94,104481.0,112564.0,1.0,0.0,Salmonella phage S124,230,198.6,NC_005859.1,MH370375.1,108522.5,0.993699,MH370375.1,NC_005859.1
2637.07,104481.0,110091.0,1.0,0.0,Salmonella phage S131,2694,1081.1,NC_005859.1,MH370378.1,107286.0,0.92626,MH370378.1,NC_005859.1
658.07,36255.0,38821.0,1.0,0.0,Salmonella phage 3A_8767,691,483.4,NC_001604.1,MH382198.1,37538.0,0.947407,MH382198.1,NC_001604.1
86.94,37314.0,46835.0,1.0,0.0,Erwinia phage vB_EhrS_49,143,60.8,NC_002371.1,MH443100.1,42074.5,0.993801,MH443100.1,NC_002371.1
86.94,37314.0,47116.0,1.0,0.0,Erwinia phage vB_EhrS_59,143,60.8,NC_002371.1,MH443101.1,42215.0,0.993821,MH443101.1,NC_002371.1
7643.0,41160.0,41969.0,1.0,0.0,Enterobacteria phage O276,7643,3200.0,NC_001416.1,MH547045.1,41564.5,0.448351,MH547045.1,NC_001416.1
97.02,35256.0,41969.0,1.0,0.0,Enterobacteria phage O276,98,99.0,NC_002167.1,MH547045.1,38612.5,0.992462,MH547045.1,NC_002167.1
2184.9,157368.0,166677.0,1.0,0.0,Enterobacteria phage RB18,2198,1193.5,NC_000866.4,MH553563.1,162022.5,0.959544,MH553563.1,NC_000866.4
3873.06,36255.0,39266.0,1.0,0.0,Escherichia phage N30,3964,873.9,NC_001604.1,MH717098.1,37760.5,0.692293,MH717098.1,NC_001604.1
90.02,39972.0,39266.0,1.0,0.0,Escherichia phage N30,116,77.6,NC_004831.1,MH717098.1,39619.0,0.993184,MH717098.1,NC_004831.1
1410.84,36255.0,39551.0,1.0,0.0,Escherichia phage C5,1434,879.0,NC_001604.1,MH717099.1,37903.0,0.888333,MH717099.1,NC_001604.1
90.02,39972.0,39551.0,1.0,0.0,Escherichia phage C5,116,77.6,NC_004831.1,MH717099.1,39761.5,0.993208,MH717099.1,NC_004831.1
35.0,34419.0,39382.0,1.0,0.0,Escherichia phage LL2,35,100.0,NC_003298.1,MH717709.1,36900.5,0.997155,MH717709.1,NC_003298.1
59.97,35091.0,38255.0,1.0,0.0,Pseudomonas phage Fc22,188,31.9,NC_000929.1,MH719191,36673.0,0.995094,MH719191,NC_000929.1
47.99,35091.0,39020.0,1.0,0.0,Pseudomonas phage Ps59,93,51.6,NC_000929.1,MH719195,37055.5,0.996115,MH719195,NC_000929.1
168.92,39972.0,45185.0,1.0,0.0,Escherichia phage LL11,188,180.3,NC_004831.1,MH729818.1,42578.5,0.988098,MH729818.1,NC_004831.1
339.94,104481.0,109515.0,1.0,0.0,Escherichia phage fp01,345,295.8,NC_005859.1,MH745368.2,106998.0,0.990469,MH745368.2,NC_005859.1
213.99,36255.0,38396.0,1.0,0.0,Enterobacteria phage vB_EcoP_IME390,226,273.5,NC_001604.1,MH779619.1,37325.5,0.982801,MH779619.1,NC_001604.1
798.05,157368.0,169604.0,1.0,0.0,Yersinia phage PYPS2T,801,598.6,NC_000866.4,MH809535.1,163486.0,0.985356,MH809535.1,NC_000866.4
1073.81,157368.0,168084.0,1.0,0.0,Escherichia phage vB_vPM_PD112,1092,590.0,NC_000866.4,MH837626.1,162726.0,0.980203,MH837626.1,NC_000866.4
16.98,37314.0,40844.0,1.0,0.0,Edwardsiella phage Edno5,51,33.3,NC_002371.1,MH898687.1,39079.0,0.998696,MH898687.1,NC_002371.1
75.04,66261.0,70408.0,1.0,0.0,Klebsiella phage Pylas,134,56.0,NC_008720.1,MH899585.1,68334.5,0.996706,MH899585.1,NC_008720.1
66.98,157368.0,167379.0,1.0,0.0,Escherichia phage MLF4,68,98.5,NC_000866.4,MH992121.1,162373.5,0.998762,MH992121.1,NC_000866.4
904.89,157368.0,166040.0,1.0,0.0,Escherichia phage vB_EcoM_DalCa,913,397.5,NC_000866.4,MH992510.1,161704.0,0.983212,MH992510.1,NC_000866.4
155.0,157368.0,169215.0,1.0,0.0,Escherichia phage AnYang,218,71.1,NC_000866.4,MK234886.1,163291.5,0.997152,MK234886.1,NC_000866.4
442.88,36255.0,39536.0,1.0,0.0,Escherichia phage NC-A,451,196.3,NC_001604.1,MK310182.1,37895.5,0.964939,MK310182.1,NC_001604.1
70.0,257586.0,237307.0,1.0,0.0,Escherichia phage vB_EcoM_Goslar,228,30.7,NC_004629.1,MK327938.1,247446.5,0.999151,MK327938.1,NC_004629.1
465.11,157368.0,167826.0,1.0,0.0,Escherichia phage vB_EcoM_G4498,484,287.6,NC_000866.4,MK327939.1,162597.0,0.991418,MK327939.1,NC_000866.4
1600.68,157368.0,167728.0,1.0,0.0,Escherichia phage vB_EcoM_G50,1628,786.8,NC_000866.4,MK327942.1,162548.0,0.970458,MK327942.1,NC_000866.4
1026.13,157368.0,168828.0,1.0,0.0,Escherichia phage vB_EcoM_G4507,1043,586.3,NC_000866.4,MK327946.1,163098.0,0.981126,MK327946.1,NC_000866.4
226.0,44523.0,50414.0,1.0,0.0,Shigella phage vB_SsoS_008,226,100.0,NC_005833.1,MK335533.1,47468.5,0.985717,MK335533.1,NC_005833.1
729.17,157368.0,168670.0,1.0,0.0,Escherichia phage vB_EcoM_G9062,741,190.5,NC_000866.4,MK373779.1,163019.0,0.986581,MK373779.1,NC_000866.4
1457.23,157368.0,164987.0,1.0,0.0,Escherichia phage vB_EcoM_KAW1E185,1493,688.8,NC_000866.4,MK373781.1,161177.5,0.972877,MK373781.1,NC_000866.4
572.93,157368.0,168756.0,1.0,0.0,Escherichia phage vB_EcoM_OE5505,580,296.4,NC_000866.4,MK373785.1,163062.0,0.989459,MK373785.1,NC_000866.4
4076.69,157368.0,169650.0,1.0,0.0,Escherichia phage vB_EcoM_G8,4137,1282.7,NC_000866.4,MK373787.1,163509.0,0.925202,MK373787.1,NC_000866.4
3746.54,104481.0,124537.0,1.0,0.0,Escherichia phage vB_EcoS_VAH1,3804,1873.6,NC_005859.1,MK373792,114509.0,0.901845,MK373792,NC_005859.1
1308.01,104481.0,120120.0,1.0,0.0,Escherichia phage vB_EcoS_HdH2,1314,1092.5,NC_005859.1,MK373796.1,112300.5,0.965058,MK373796.1,NC_005859.1
2596.2,104481.0,120603.0,1.0,0.0,Escherichia phage vB_EcoS_HASG4,2622,1185.8,NC_005859.1,MK373797,112542.0,0.930794,MK373797,NC_005859.1
69.0,36255.0,32448.0,1.0,0.0,Escherichia phage HZP2,69,100.0,NC_001604.1,MK542821.1,34351.5,0.993974,MK542821.1,NC_001604.1
145.94,37314.0,45367.0,1.0,0.0,Salmonella phage Akira,207,70.5,NC_002371.1,MK599416.1,41340.5,0.98941,MK599416.1,NC_002371.1
82.01,157368.0,166176.0,1.0,0.0,Escherichia phage EcNP1,102,80.4,NC_000866.4,MK886800.1,161772.0,0.998479,MK886800.1,NC_000866.4
455.98,30858.0,33807.0,1.0,0.0,Escherichia phage vB_EcoM-12474III,472,193.5,NC_001895.1,MK907237.1,32332.5,0.957691,MK907237.1,NC_001895.1
32.01,66261.0,73834.0,1.0,0.0,Achromobacter phage vB_AxyP_19-32_Axy04,55,58.2,NC_008720.1,MK962626.1,70047.5,0.998629,MK962626.1,NC_008720.1
1006.65,66261.0,73898.0,1.0,0.0,Achromobacter phage vB_AxyP_19-32_Axy10,1754,184.9,NC_008720.1,MK962629.1,70079.5,0.956907,MK962629.1,NC_008720.1
1289.57,66261.0,73413.0,1.0,0.0,Achromobacter phage vB_AxyP_19-32_Axy11,2170,250.70000000000002,NC_008720.1,MK962630.1,69837.0,0.944604,MK962630.1,NC_008720.1
32.01,66261.0,74744.0,1.0,0.0,Achromobacter phage vB_AxyP_19-32_Axy24,55,58.2,NC_008720.1,MK962641.1,70502.5,0.998638,MK962641.1,NC_008720.1
676.0,157368.0,167247.0,1.0,0.0,Shigella phage CM8,678,299.4,NC_000866.4,MK962750.1,162307.5,0.987505,MK962750.1,NC_000866.4
395.81,157368.0,170740.0,1.0,0.0,Shigella phage JK45,397,99.7,NC_000866.4,MK962757.1,164054.0,0.992762,MK962757.1,NC_000866.4
1007.33,104481.0,107763.0,1.0,0.0,Salmonella phage SE11,1014,196.2,NC_005859.1,MK972715.1,106122.0,0.971523,MK972715.1,NC_005859.1
1420.32,30858.0,31834.0,1.0,0.0,Bacteriophage R18C,1437,493.9,NC_001895.1,MN016939.1,31346.0,0.864066,MN016939.1,NC_001895.1
1440.9,104481.0,109654.0,1.0,0.0,Salmonella phage VSe12,1458,788.7,NC_005859.1,MN022787.1,107067.5,0.959626,MN022787.1,NC_005859.1
252.98,104481.0,110466.0,1.0,0.0,Salmonella phage Th1,258,196.9,NC_005859.1,MN026741.1,107473.5,0.992938,MN026741.1,NC_005859.1
95.93,37314.0,62668.0,1.0,0.0,Escherichia phage Lyz12581Vzw,177,54.2,NC_002371.1,MN067333.1,49991.0,0.994243,MN067333.1,NC_002371.1
31.0,37314.0,44342.0,1.0,0.0,Salmonella phage Shemara,62,50.0,NC_002371.1,MN070121,40828.0,0.997722,MN070121,NC_002371.1
184.98,157368.0,167547.0,1.0,0.0,Serratia phage Muldoon,351,52.7,NC_000866.4,MN095771.1,162457.5,0.996584,MN095771.1,NC_000866.4
75.04,66261.0,70678.0,1.0,0.0,Klebsiella phage KpCHEMY26,134,56.0,NC_008720.1,MN163281.1,68469.5,0.996712,MN163281.1,NC_008720.1
1688.68,44523.0,50309.0,1.0,0.0,Shigella phage Sfin-3,1742,485.8,NC_005833.1,MN296515.1,47416.0,0.893158,MN296515.1,NC_005833.1
1638.08,104481.0,108640.0,1.0,0.0,Escherichia phage VEc33,1675,970.4,NC_005859.1,MN316588.1,106560.5,0.953883,MN316588.1,NC_005859.1
405.95,104481.0,110965.0,1.0,0.0,Salmonella phage vB_SalS_SA001,421,580.5,NC_005859.1,MN445182,107723.0,0.988695,MN445182,NC_005859.1
22.0,35091.0,57567.0,1.0,0.0,Pseudomonas phage vB_Pae-SS2019XI,55,40.0,NC_000929.1,MN536026.1,46329.0,0.998575,MN536026.1,NC_000929.1
47.92,83553.0,32697.0,1.0,0.0,Lactococcus phage P4565,163,29.4,NC_005856.1,MN552150.1,58125.0,0.997527,MN552150.1,NC_005856.1
1679.02,157368.0,172360.0,1.0,0.0,Salmonella phage pSe_SNUABM_01,1691,691.6,NC_000866.4,MN580668.1,164864.0,0.969447,MN580668.1,NC_000866.4
288.0,157368.0,167948.0,1.0,0.0,Yersinia phage vB_YepM_ZN18,288,100.0,NC_000866.4,MN716856.1,162658.0,0.994688,MN716856.1,NC_000866.4
33.0,66261.0,149335.0,1.0,0.0,Escherichia phage anhysbys,100,33.0,NC_008720.1,MN850648.1,107798.0,0.999082,MN850648.1,NC_008720.1
984.78,157368.0,167892.0,1.0,0.0,Escherichia phage teqhad,1008,294.2,NC_000866.4,MN895434.1,162630.0,0.981834,MN895434.1,NC_000866.4
652.83,157368.0,165017.0,1.0,0.0,Escherichia phage teqskov,657,199.2,NC_000866.4,MN895437.1,161192.5,0.98785,MN895437.1,NC_000866.4
295.0,157368.0,166833.0,1.0,0.0,Escherichia phage teqdroes,298,297.3,NC_000866.4,MN895438.1,162100.5,0.99454,MN895438.1,NC_000866.4
843.97,104481.0,118452.0,1.0,0.0,Salmonella phage L6jm,908,730.4,NC_005859.1,MN956514.1,111466.5,0.977286,MN956514.1,NC_005859.1
808.96,104481.0,116606.0,1.0,0.0,Tequintavirus NBEco001,813,595.1,NC_005859.1,MN970211.1,110543.5,0.978046,MN970211.1,NC_005859.1
275.0,104481.0,118118.0,1.0,0.0,Tequintavirus NBEco002,281,289.7,NC_005859.1,MN994496.1,111299.5,0.992588,MN994496.1,NC_005859.1
68.03,157368.0,166579.0,1.0,0.0,Phage NBEco003,69,98.6,NC_000866.4,MN994497.1,161973.5,0.99874,MN994497.1,NC_000866.4
597.99,104481.0,119416.0,1.0,0.0,Tequintavirus NBSal003,620,585.0,NC_005859.1,MN994502.1,111948.5,0.983975,MN994502.1,NC_005859.1
1875.35,104481.0,121040.0,1.0,0.0,Tequintavirus NBSal005,1944,567.6,NC_005859.1,MN994504.1,112760.5,0.950106,MN994504.1,NC_005859.1
250.95,104481.0,105405.0,1.0,0.0,Salmonella phage phagemcphageface,268,186.5,NC_005859.1,MT074447,104943.0,0.992826,MT074447,NC_005859.1
1378.93,104481.0,109372.0,1.0,0.0,Salmonella phage oldekolle,1415,875.8,NC_005859.1,MT074448.1,106926.5,0.961312,MT074448.1,NC_005859.1
86.04,104481.0,110183.0,1.0,0.0,Salmonella phage faergetype,90,95.6,NC_005859.1,MT074450.1,107332.0,0.997595,MT074450.1,NC_005859.1
250.95,104481.0,112590.0,1.0,0.0,Salmonella phage smaug,268,186.5,NC_005859.1,MT074461,108535.5,0.993063,MT074461,NC_005859.1
86.04,104481.0,113503.0,1.0,0.0,Salmonella phage oselot,90,95.6,NC_005859.1,MT074465.1,108992.0,0.997632,MT074465.1,NC_005859.1
86.04,104481.0,114211.0,1.0,0.0,Salmonella phage falkor,90,95.6,NC_005859.1,MT074467,109346.0,0.997639,MT074467,NC_005859.1
806.13,104481.0,111345.0,1.0,0.0,Escherichia phage ECOP18,811,99.4,NC_005859.1,MT080103,107913.0,0.977589,MT080103,NC_005859.1
306.89,41160.0,43329.0,1.0,0.0,Hafnia phage yong1,421,146.8,NC_001416.1,MT135176,42244.5,0.978206,MT135176,NC_001416.1
1054.91,157368.0,165795.0,1.0,0.0,Citrobacter phage PhiZZ6,1080,492.0,NC_000866.4,MT176424.1,161581.5,0.980414,MT176424.1,NC_000866.4
339.12,157368.0,167516.0,1.0,0.0,Citrobacter phage PhiZZ23,349,194.1,NC_000866.4,MT176425.1,162442.0,0.993737,MT176425.1,NC_000866.4
1479.59,157368.0,167484.0,1.0,0.0,Serratia phage PhiZZ30,1830,364.3,NC_000866.4,MT176426.1,162426.0,0.972672,MT176426.1,NC_000866.4
217.02,157368.0,168642.0,1.0,0.0,Escherichia phage vB_EcoM_IME537,221,98.2,NC_000866.4,MT179807.1,163005.0,0.996006,MT179807.1,NC_000866.4
125.93,30858.0,10295.0,1.0,0.0,Vibrio phage vB_Vipa71,514,24.5,NC_001895.1,MT193890,20576.5,0.98164,MT193890,NC_001895.1
2229.93,104481.0,112111.0,1.0,0.0,Salmonella phage vB_Sen_I1,2269,1173.3,NC_005859.1,MT233524,108296.0,0.938227,MT233524,NC_005859.1
53.07,35091.0,62420.0,1.0,0.0,Klebsiella phage LASTA,174,30.5,NC_000929.1,MT251347.1,48755.5,0.996735,MT251347.1,NC_000929.1
395.09,104481.0,108987.0,1.0,0.0,Salmonella phage vB_Sen-E22,511,233.0,NC_005859.1,MT311645,106734.0,0.988895,MT311645,NC_005859.1
385.06,30858.0,31809.0,1.0,0.0,Yersinia phage vB_YpM_22,387,99.5,NC_001895.1,MT374855.1,31333.5,0.963132,MT374855.1,NC_001895.1
1325.34,30858.0,32336.0,1.0,0.0,Yersinia phage vB_YpM_46,1338,297.8,NC_001895.1,MT374857.1,31597.0,0.874165,MT374857.1,NC_001895.1
2010.17,30858.0,31096.0,1.0,0.0,Yersinia phage vB_YpM_50,2022,398.2,NC_001895.1,MT374858.1,30977.0,0.805323,MT374858.1,NC_001895.1
1022.93,104481.0,109938.0,1.0,0.0,Salmonella phage vB_StyS-LmqsSP1,1053,672.5,NC_005859.1,MT577844,107209.5,0.971376,MT577844,NC_005859.1
2362.01,104481.0,109746.0,1.0,0.0,Salmonella phage 3sent1,2448,1542.3,NC_005859.1,MT653143,107113.5,0.933846,MT653143,NC_005859.1
1889.08,104481.0,110720.0,1.0,0.0,Salmonella phage 8sent1748,1960,1072.4,NC_005859.1,MT653146,107600.5,0.947331,MT653146,NC_005859.1
682.92,157368.0,168410.0,1.0,0.0,Escherichia phage vB_EcoM_F1,725,378.6,NC_000866.4,MT682712.1,162889.0,0.987422,MT682712.1,NC_000866.4
471.22,157368.0,167600.0,1.0,0.0,Escherichia phage vB_EcoM_Ozark,497,192.60000000000002,NC_000866.4,MT682713.1,162484.0,0.9913,MT682713.1,NC_000866.4
240.01,157368.0,170054.0,1.0,0.0,Escherichia phage vB_EcoM_Lutter,243,198.3,NC_000866.4,MT682714.1,163711.0,0.995602,MT682714.1,NC_000866.4
913.96,44523.0,51099.0,1.0,0.0,Escherichia phage vB_EcoS_Chapo,1262,442.1,NC_005833.1,MT682715,47811.0,0.942651,MT682715,NC_005833.1
36.0,35091.0,42452.0,1.0,0.0,Achromobacter phage Mano,125,28.8,NC_000929.1,MT708550.1,38771.5,0.997214,MT708550.1,NC_000929.1
40.02,91284.0,93559.0,1.0,0.0,crAssphage cr11_1,92,43.5,NC_024711.1,MT774383.1,92421.5,0.998701,MT774383.1,NC_024711.1
87.0,91284.0,89781.0,1.0,0.0,crAssphage cr110_1,141,61.7,NC_024711.1,MT774386.1,90532.5,0.997117,MT774386.1,NC_024711.1
1524.07,104481.0,110099.0,1.0,0.0,Escherichia phage BB1,1559,782.6,NC_005859.1,MT843274,107290.0,0.957385,MT843274,NC_005859.1
2098.91,104481.0,109645.0,1.0,0.0,Salmonella phage GEC_vB_N3,2131,976.7,NC_005859.1,MW006478,107063.0,0.941187,MW006478,NC_005859.1
6089.09,104481.0,110015.0,1.0,0.0,Salmonella phage GEC_vB_N5,6273,1664.9,NC_005859.1,MW006479,107248.0,0.829673,MW006479,NC_005859.1
896.02,104481.0,111684.0,1.0,0.0,Salmonella phage GEC_vB_N7,906,487.4,NC_005859.1,MW006481,108082.5,0.97513,MW006481,NC_005859.1
125.06,104481.0,109695.0,1.0,0.0,Salmonella phage vB_SalS_ABTNLsp9,130,96.2,NC_005859.1,MW149275,107088.0,0.996497,MW149275,NC_005859.1
291.99,44523.0,44887.0,1.0,0.0,Escherichia phage vB_EcoS_Sponge,452,64.6,NC_005833.1,MW749005,44705.0,0.980405,MW749005,NC_005833.1
115.98,91284.0,92241.0,1.0,0.0,CrAss-like virus sp.,235,100.19999999999999,NC_024711.1,MZ130476.1,91762.5,0.996208,MZ130476.1,NC_024711.1
25676.76,91284.0,98001.0,1.0,0.0,CrAss-like virus sp.,29097,7047.9,NC_024711.1,MZ130481.1,94642.5,0.186092,MZ130481.1,NC_024711.1
232.17,91284.0,92361.0,1.0,0.0,CrAss-like virus sp.,479,91.80000000000001,NC_024711.1,MZ130486.1,91822.5,0.992415,MZ130486.1,NC_024711.1
37.95,83553.0,47333.0,1.0,0.0,Klebsiella phage BUCT_47333,110,34.5,NC_005856.1,MZ398021,65443.0,0.99826,MZ398021,NC_005856.1
109.95,104481.0,108588.0,1.0,0.0,Escherichia phage IME178,128,171.8,NC_005859.1,MZ398246,106534.5,0.996904,MZ398246,NC_005859.1
126.06,44523.0,50126.0,1.0,0.0,Escherichia phage AugustePiccard,161,78.3,NC_005833.1,MZ501051,47324.5,0.992009,MZ501051,NC_005833.1
410.97,104481.0,113532.0,1.0,0.0,Escherichia phage DaisyDussoix,414,298.3,NC_005859.1,MZ501058,109006.5,0.98869,MZ501058,NC_005859.1
1237.66,104481.0,111607.0,1.0,0.0,Escherichia phage HildyBeyeler,1269,772.9,NC_005859.1,MZ501074,108044.0,0.965634,MZ501074,NC_005859.1
3739.43,104481.0,112239.0,1.0,0.0,Escherichia phage IrisVonRoten,3871,1475.9,NC_005859.1,MZ501075,108360.0,0.896472,MZ501075,NC_005859.1
1053.12,44523.0,50192.0,1.0,0.0,Escherichia phage LeonhardEuler,1082,587.8,NC_005833.1,MZ501092,47357.5,0.933287,MZ501092,NC_005833.1
1490.34,104481.0,107080.0,1.0,0.0,Escherichia phage SelmaRatti,1667,384.8,NC_005859.1,MZ501103,105780.5,0.957733,MZ501103,NC_005859.1
344.99,104481.0,114179.0,1.0,0.0,Escherichia phage TrudiGerster,360,287.7,NC_005859.1,MZ501108,109330.0,0.990533,MZ501108,NC_005859.1
417.34,3213.0,3588.0,1.0,0.0,Leviviridae sp.,942,133.8,NC_001417.2,MZ679828,3400.5,0.631811,MZ679828,NC_001417.2
3136.87,157368.0,169650.0,1.0,0.0,264,3191,889.9,NC_000866.4,NC_054915.1,163509.0,0.942446,NC_000866.4,NC_054915.1
2072.44,157368.0,166783.0,1.0,0.0,92,2087,493.9,NC_000866.4,NC_025449.1,162075.5,0.961639,NC_000866.4,NC_025449.1
1220.98,157368.0,168402.0,1.0,0.0,334,1225,299.3,NC_000866.4,NC_025419.1,162885.0,0.977512,NC_000866.4,NC_025419.1
1167.96,157368.0,163825.0,1.0,0.0,45,1187,582.0,NC_000866.4,NC_054931.1,160596.5,0.978182,NC_000866.4,NC_054931.1
1121.2,157368.0,165890.0,1.0,0.0,97,1123,299.8,NC_000866.4,NC_008515.1,161629.0,0.979189,NC_000866.4,NC_008515.1
1059.87,157368.0,168470.0,1.0,0.0,97,1073,492.2,NC_000866.4,NC_024125.2,162919.0,0.980483,NC_000866.4,NC_024125.2
987.12,157368.0,165179.0,1.0,0.0,725,994,198.8,NC_000866.4,NC_025448.1,161273.5,0.981638,NC_000866.4,NC_025448.1
936.81,157368.0,168084.0,1.0,0.0,46,955,490.0,NC_000866.4,NC_054928.1,162726.0,0.982729,NC_000866.4,NC_054928.1
894.91,157368.0,167785.0,1.0,0.0,60,896,399.4,NC_000866.4,NC_027404.1,162576.5,0.983486,NC_000866.4,NC_027404.1
874.78,157368.0,167892.0,1.0,0.0,308,898,194.2,NC_000866.4,NC_054933.1,162630.0,0.983863,NC_000866.4,NC_054933.1
855.96,157368.0,168697.0,1.0,0.0,400,867,394.3,NC_000866.4,NC_054907.1,163032.5,0.984249,NC_000866.4,NC_054907.1
797.93,157368.0,170650.0,1.0,0.0,210,801,298.8,NC_000866.4,NC_030953.1,164009.0,0.985405,NC_000866.4,NC_030953.1
732.76,157368.0,167484.0,1.0,0.0,1070,1076,68.1,NC_000866.4,NC_054938.1,162426.0,0.986466,NC_000866.4,NC_054938.1
675.18,157368.0,168670.0,1.0,0.0,682,682,99.0,NC_000866.4,NC_054920.1,163019.0,0.987575,NC_000866.4,NC_054920.1
647.17,157368.0,164870.0,1.0,0.0,106,660,295.1,NC_000866.4,NC_054942.1,161119.0,0.98795,NC_000866.4,NC_054942.1
612.02,157368.0,166677.0,1.0,0.0,85,615,399.2,NC_000866.4,NC_054906.1,162022.5,0.988668,NC_000866.4,NC_054906.1
613.0,157368.0,170770.0,1.0,0.0,97,619,397.5,NC_000866.4,NC_031047.1,164069.0,0.988791,NC_000866.4,NC_031047.1
546.92,157368.0,167435.0,1.0,0.0,156,558,292.9,NC_000866.4,NC_027983.1,162401.5,0.989897,NC_000866.4,NC_027983.1
531.08,157368.0,166499.0,1.0,0.0,342,563,187.8,NC_000866.4,NC_019503.1,161933.5,0.990161,NC_000866.4,NC_019503.1
516.83,157368.0,165017.0,1.0,0.0,521,521,99.2,NC_000866.4,NC_054934.1,161192.5,0.990381,NC_000866.4,NC_054934.1
492.04,157368.0,167812.0,1.0,0.0,391,494,199.5,NC_000866.4,NC_054930.1,162590.0,0.990921,NC_000866.4,NC_054930.1
479.88,157368.0,169060.0,1.0,0.0,208,485,297.0,NC_000866.4,NC_054943.1,163214.0,0.991179,NC_000866.4,NC_054943.1
471.22,157368.0,167600.0,1.0,0.0,376,497,192.60000000000002,NC_000866.4,NC_054927.1,162484.0,0.9913,NC_000866.4,NC_054927.1
402.14,157368.0,168993.0,1.0,0.0,246,409,197.0,NC_000866.4,NC_031011.1,163180.5,0.992607,NC_000866.4,NC_031011.1
395.81,157368.0,170740.0,1.0,0.0,442,397,99.7,NC_000866.4,NC_054940.1,164054.0,0.992762,NC_000866.4,NC_054940.1
364.01,157368.0,168188.0,1.0,0.0,156,366,198.9,NC_000866.4,NC_041919.1,162778.0,0.993291,NC_000866.4,NC_041919.1
362.93,157368.0,168756.0,1.0,0.0,202,370,196.4,NC_000866.4,NC_054926.1,163062.0,0.993323,NC_000866.4,NC_054926.1
340.99,157368.0,167728.0,1.0,0.0,46,349,294.6,NC_000866.4,NC_054917.1,162548.0,0.993707,NC_000866.4,NC_054917.1
336.14,157368.0,167467.0,1.0,0.0,343,343,98.0,NC_000866.4,NC_042129.1,162417.5,0.993791,NC_000866.4,NC_042129.1
320.99,157368.0,165795.0,1.0,0.0,179,325,197.5,NC_000866.4,NC_054900.1,161581.5,0.99404,NC_000866.4,NC_054900.1
321.03,157368.0,168410.0,1.0,0.0,224,326,196.2,NC_000866.4,NC_054912.1,162889.0,0.994088,NC_000866.4,NC_054912.1
315.1,157368.0,166423.0,1.0,0.0,322,317,99.4,NC_000866.4,NC_054929.1,161895.5,0.994161,NC_000866.4,NC_054929.1
298.89,157368.0,166283.0,1.0,0.0,302,301,99.3,NC_000866.4,NC_042039.1,161825.5,0.994459,NC_000866.4,NC_042039.1
281.07,157368.0,168828.0,1.0,0.0,207,285,198.1,NC_000866.4,NC_054919.1,163098.0,0.99483,NC_000866.4,NC_054919.1
276.05,157368.0,167396.0,1.0,0.0,278,278,99.3,NC_000866.4,NC_019399.1,162382.0,0.9949,NC_000866.4,NC_019399.1
255.11,157368.0,165549.0,1.0,0.0,296,259,98.5,NC_000866.4,NC_054904.1,161458.5,0.99526,NC_000866.4,NC_054904.1
239.12,157368.0,193624.0,1.0,0.0,246,245,97.6,NC_000866.4,NC_055713.1,175496.0,0.995912,NC_000866.4,NC_055713.1
217.02,157368.0,168642.0,1.0,0.0,221,221,98.2,NC_000866.4,NC_054921.1,163005.0,0.996006,NC_000866.4,NC_054921.1
207.08,157368.0,167678.0,1.0,0.0,388,221,93.7,NC_000866.4,NC_054941.1,162523.0,0.996178,NC_000866.4,NC_054941.1
205.0,157368.0,166083.0,1.0,0.0,205,205,100.0,NC_000866.4,NC_054925.1,161725.5,0.996197,NC_000866.4,NC_054925.1
191.07,157368.0,167063.0,1.0,0.0,193,193,99.0,NC_000866.4,NC_027353.1,162215.5,0.996466,NC_000866.4,NC_027353.1
184.98,157368.0,167547.0,1.0,0.0,350,351,52.7,NC_000866.4,NC_049464.1,162457.5,0.996584,NC_000866.4,NC_049464.1
185.09,157368.0,167826.0,1.0,0.0,193,193,95.9,NC_000866.4,NC_054918.1,162597.0,0.996585,NC_000866.4,NC_054918.1
184.08,157368.0,167124.0,1.0,0.0,185,185,99.5,NC_000866.4,NC_028780.1,162246.0,0.996596,NC_000866.4,NC_028780.1
182.08,157368.0,167516.0,1.0,0.0,183,183,99.5,NC_000866.4,NC_054901.1,162442.0,0.996637,NC_000866.4,NC_054901.1
173.01,157368.0,170054.0,1.0,0.0,177,176,98.3,NC_000866.4,NC_054924.1,163711.0,0.99683,NC_000866.4,NC_054924.1
159.0,157368.0,169805.0,1.0,0.0,159,159,100.0,NC_000866.4,NC_054936.1,163586.5,0.997084,NC_000866.4,NC_054936.1
134.94,157368.0,168272.0,1.0,0.0,156,156,86.5,NC_000866.4,NC_031087.1,162820.0,0.997514,NC_000866.4,NC_031087.1
117.06,157368.0,168638.0,1.0,0.0,232,118,99.2,NC_000866.4,NC_054911.1,163003.0,0.997846,NC_000866.4,NC_054911.1
113.0,157368.0,166040.0,1.0,0.0,113,113,100.0,NC_000866.4,NC_054908.1,161704.0,0.997904,NC_000866.4,NC_054908.1
95.0,157368.0,170764.0,1.0,0.0,100,100,95.0,NC_000866.4,NC_048694.1,164066.0,0.998263,NC_000866.4,NC_048694.1
82.01,157368.0,166176.0,1.0,0.0,102,102,80.4,NC_000866.4,NC_054910.1,161772.0,0.998479,NC_000866.4,NC_054910.1
58.02,157368.0,170121.0,1.0,0.0,60,60,96.7,NC_000866.4,NC_054916.1,163744.5,0.998937,NC_000866.4,NC_054916.1
54.0,157368.0,168805.0,1.0,0.0,54,54,100.0,NC_000866.4,NC_054909.1,163086.5,0.999007,NC_000866.4,NC_054909.1
51.0,157368.0,166833.0,1.0,0.0,51,51,100.0,NC_000866.4,NC_054932.1,162100.5,0.999056,NC_000866.4,NC_054932.1
42.02,157368.0,167132.0,1.0,0.0,58,44,95.5,NC_000866.4,NC_055723.1,162250.0,0.999223,NC_000866.4,NC_055723.1
9795.17,35091.0,37146.0,1.0,0.0,174,10441,4431.2,NC_000929.1,NC_027382.1,36118.5,0.186414,NC_000929.1,NC_027382.1
733.78,35091.0,94800.0,1.0,0.0,987,839,266.1,NC_000929.1,NC_005856.1,64945.5,0.966105,NC_000929.1,NC_005856.1
394.93,35091.0,39552.0,1.0,0.0,Pseudomonas phage JBD25,547,72.2,NC_000929.1,NC_027992,37321.5,0.968254,NC_000929.1,NC_027992
330.92,35091.0,33562.0,1.0,0.0,673,506,65.4,NC_000929.1,NC_070904.1,34326.5,0.971079,NC_000929.1,NC_070904.1
341.97,35091.0,37100.0,1.0,0.0,175,352,194.3,NC_000929.1,NC_049391.1,36095.5,0.971578,NC_000929.1,NC_049391.1
241.04,35091.0,36947.0,1.0,0.0,526,524,46.0,NC_000929.1,NC_020198.1,36019.0,0.979924,NC_000929.1,NC_020198.1
255.0,35091.0,41655.0,1.0,0.0,487,713,70.3,NC_000929.1,NC_070931.1,38373.0,0.980064,NC_000929.1,NC_070931.1
478.09,35091.0,115154.0,1.0,0.0,177,497,193.60000000000002,NC_000929.1,NC_042128.1,75122.5,0.980907,NC_000929.1,NC_042128.1
154.94,35091.0,33041.0,1.0,0.0,195,181,85.6,NC_000929.1,NC_049343.1,34066.0,0.986356,NC_000929.1,NC_049343.1
153.91,35091.0,40808.0,1.0,0.0,240,226,68.1,NC_000929.1,NC_070759.1,37949.5,0.987833,NC_000929.1,NC_070759.1
108.02,35091.0,37496.0,1.0,0.0,172,168,64.3,NC_000929.1,NC_061437.1,36293.5,0.991071,NC_000929.1,NC_061437.1
48.96,35091.0,61644.0,1.0,0.0,178,173,28.3,NC_000929.1,NC_054966.1,48367.5,0.996963,NC_000929.1,NC_054966.1
18.02,35091.0,36847.0,1.0,0.0,103,53,34.0,NC_000929.1,NC_018274.1,35969.0,0.998497,NC_000929.1,NC_018274.1
309.03,5175.0,6087.0,1.0,0.0,431,431,71.7,NC_001422.1,NC_001330.1,5631.0,0.835361,NC_001330.1,NC_001422.1
3171.0,41160.0,41969.0,1.0,0.0,246,3171,1900.0,NC_001416.1,NC_049951.1,41564.5,0.771127,NC_001416.1,NC_049951.1
1833.98,41160.0,47288.0,1.0,0.0,314,1836,599.3,NC_001416.1,NC_019711.1,44224.0,0.875589,NC_001416.1,NC_019711.1
1738.98,41160.0,42925.0,1.0,0.0,132,1745,898.5,NC_001416.1,NC_042057.1,42042.5,0.875912,NC_001416.1,NC_042057.1
1325.0,41160.0,47090.0,1.0,0.0,410,1325,600.0,NC_001416.1,NC_019723.1,44125.0,0.909915,NC_001416.1,NC_019723.1
924.1,41160.0,45560.0,1.0,0.0,160,926,498.7,NC_001416.1,NC_049955.1,43360.0,0.936063,NC_001416.1,NC_049955.1
168.98,41160.0,47224.0,1.0,0.0,73,170,198.6,NC_001416.1,NC_049953.1,44192.0,0.988529,NC_001416.1,NC_049953.1
151.0,41160.0,40710.0,1.0,0.0,55,151,200.0,NC_001416.1,NC_019710.1,40935.0,0.988934,NC_001416.1,NC_019710.1
66.0,41160.0,40155.0,1.0,0.0,66,66,100.0,NC_001416.1,NC_019767.1,40657.5,0.99513,NC_001416.1,NC_019767.1
12975.0,41160.0,,1.0,0.0,,12975,5700.0,NC_001416.1,nan,,,NC_001416.1,nan
34.97,3213.0,3418.0,1.0,0.0,Guiyang fiers-like virus 5,121,28.9,NC_001417.2,OM514499,3315.5,0.968359,NC_001417.2,OM514499
1559.91,3213.0,,1.0,0.0,,2013,463.1,NC_001417.2,nan,,,NC_001417.2,nan
766.8,5661.0,6407.0,1.0,0.0,348,774,198.2,NC_001419.1,NC_003287.1,6034.0,0.61876,NC_001419.1,NC_003287.1
3710.02,5661.0,,1.0,0.0,,3720,1497.3,NC_001419.1,nan,,,NC_001419.1,nan
281.01,5175.0,5577.0,1.0,0.0,84,417,141.5,NC_001422.1,NC_001420.2,5376.0,0.843186,NC_001420.2,NC_001422.1
1731.0,5211.0,,1.0,0.0,,1731,600.0,NC_001420.2,nan,,,NC_001420.2,nan
2423.1,5175.0,,1.0,0.0,,2789,1152.9,NC_001422.1,nan,,,NC_001422.1,nan
4485.48,36255.0,38841.0,1.0,0.0,179,4606,971.8,NC_001604.1,NC_011045.1,37548.0,0.64162,NC_001604.1,NC_011045.1
1422.58,36255.0,37714.0,1.0,0.0,85,1438,486.6,NC_001604.1,NC_047939.1,36984.5,0.884607,NC_001604.1,NC_047939.1
1139.31,36255.0,38288.0,1.0,0.0,45,1144,496.7,NC_001604.1,NC_047940.1,37271.5,0.908297,NC_001604.1,NC_047940.1
855.74,36255.0,39235.0,1.0,0.0,356,926,362.7,NC_001604.1,NC_031114.1,37745.0,0.931985,NC_001604.1,NC_031114.1
883.0,36255.0,42925.0,1.0,0.0,883,883,100.0,NC_001604.1,NC_042057.1,39590.0,0.933089,NC_001604.1,NC_042057.1
615.02,36255.0,39551.0,1.0,0.0,85,621,493.9,NC_001604.1,NC_048079.1,37903.0,0.951321,NC_001604.1,NC_048079.1
371.09,36255.0,38821.0,1.0,0.0,359,401,185.4,NC_001604.1,NC_048004.1,37538.0,0.970343,NC_001604.1,NC_048004.1
314.97,36255.0,39919.0,1.0,0.0,51,335,271.3,NC_001604.1,NC_047895.1,38087.0,0.975191,NC_001604.1,NC_047895.1
179.0,36255.0,38396.0,1.0,0.0,51,184,190.2,NC_001604.1,NC_048082.1,37325.5,0.985613,NC_001604.1,NC_048082.1
147.98,36255.0,39536.0,1.0,0.0,151,151,98.0,NC_001604.1,NC_048163.1,37895.5,0.988285,NC_001604.1,NC_048163.1
127.99,36255.0,39688.0,1.0,0.0,149,149,85.9,NC_001604.1,NC_048105.1,37971.5,0.989888,NC_001604.1,NC_048105.1
118.01,36255.0,39433.0,1.0,0.0,139,139,84.9,NC_001604.1,NC_071037.1,37844.0,0.990645,NC_001604.1,NC_071037.1
117.04,36255.0,39860.0,1.0,0.0,139,139,84.2,NC_001604.1,NC_022744.1,38057.5,0.990774,NC_001604.1,NC_022744.1
109.04,36255.0,38810.0,1.0,0.0,116,116,94.0,NC_001604.1,NC_027387.1,37532.5,0.991284,NC_001604.1,NC_027387.1
50.02,36255.0,39266.0,1.0,0.0,52,52,96.2,NC_001604.1,NC_048078.1,37760.5,0.996026,NC_001604.1,NC_048078.1
12407.97,36255.0,,1.0,0.0,,12409,4999.7,NC_001604.1,nan,,,NC_001604.1,nan
1667.88,30858.0,31962.0,1.0,0.0,344,1685,492.1,NC_001895.1,NC_070908.1,31410.0,0.8407,NC_001895.1,NC_070908.1
1146.16,30858.0,30728.0,1.0,0.0,344,1158,198.2,NC_001895.1,NC_004745.1,30793.0,0.888335,NC_001895.1,NC_004745.1
829.26,30858.0,31834.0,1.0,0.0,669,844,194.4,NC_001895.1,NC_049461.1,31346.0,0.920635,NC_001895.1,NC_049461.1
751.11,30858.0,31096.0,1.0,0.0,761,761,98.7,NC_001895.1,NC_055846.1,30977.0,0.927258,NC_001895.1,NC_055846.1
565.04,30858.0,33349.0,1.0,0.0,150,570,297.8,NC_001895.1,NC_070903.1,32103.5,0.947199,NC_001895.1,NC_070903.1
520.93,30858.0,32336.0,1.0,0.0,357,523,199.10000000000002,NC_001895.1,NC_055845.1,31597.0,0.95054,NC_001895.1,NC_055845.1
518.0,30858.0,33628.0,1.0,0.0,141,528,293.6,NC_001895.1,NC_022750.1,32243.0,0.951804,NC_001895.1,NC_022750.1
395.06,30858.0,31582.0,1.0,0.0,Salmonella phage MET_P1_103_31,401,295.4,NC_001895.1,OQ383618,31220.0,0.962037,NC_001895.1,OQ383618
313.05,30858.0,32541.0,1.0,0.0,141,317,197.2,NC_001895.1,NC_070905.1,31699.5,0.970373,NC_001895.1,NC_070905.1
279.0,30858.0,32662.0,1.0,0.0,91,282,297.0,NC_001895.1,NC_049386.1,31760.0,0.973646,NC_001895.1,NC_049386.1
248.99,30858.0,33807.0,1.0,0.0,261,261,95.4,NC_001895.1,NC_049457.1,32332.5,0.976897,NC_001895.1,NC_049457.1
183.05,30858.0,32848.0,1.0,0.0,49,197,168.4,NC_001895.1,NC_049390.1,31853.0,0.98276,NC_001895.1,NC_049390.1
137.05,30858.0,33562.0,1.0,0.0,141,141,97.2,NC_001895.1,NC_070904.1,32210.0,0.987235,NC_001895.1,NC_070904.1
133.75,30858.0,37236.0,1.0,0.0,626,535,25.0,NC_001895.1,NC_015265.1,34047.0,0.988215,NC_001895.1,NC_015265.1
88.0,30858.0,31342.0,1.0,0.0,88,88,100.0,NC_001895.1,NC_049385.1,31100.0,0.991511,NC_001895.1,NC_049385.1
88.0,30858.0,32150.0,1.0,0.0,88,88,100.0,NC_001895.1,NC_049388.1,31504.0,0.99162,NC_001895.1,NC_049388.1
74.03,30858.0,32684.0,1.0,0.0,93,75,98.7,NC_001895.1,NC_005056.1,31771.0,0.99301,NC_001895.1,NC_005056.1
33.99,30858.0,31564.0,1.0,0.0,48,41,82.9,NC_001895.1,NC_070902.1,31211.0,0.996733,NC_001895.1,NC_070902.1
28.01,30858.0,31128.0,1.0,0.0,49,38,73.7,NC_001895.1,NC_049389.1,30993.0,0.997289,NC_001895.1,NC_049389.1
2663.97,35256.0,36661.0,1.0,0.0,92,2734,472.9,NC_002167.1,NC_016160.1,35958.5,0.777746,NC_002167.1,NC_016160.1
891.92,35256.0,41468.0,1.0,0.0,332,953,480.6,NC_002167.1,NC_019768.1,38362.0,0.93025,NC_002167.1,NC_019768.1
487.18,35256.0,40710.0,1.0,0.0,424,491,199.1,NC_002167.1,NC_019710.1,37983.0,0.961521,NC_002167.1,NC_019710.1
465.13,35256.0,39578.0,1.0,0.0,225,467,199.2,NC_002167.1,NC_019715.1,37417.0,0.962707,NC_002167.1,NC_019715.1
360.16,35256.0,38964.0,1.0,0.0,127,368,194.89999999999998,NC_002167.1,NC_019769.1,37110.0,0.970885,NC_002167.1,NC_019769.1
354.93,35256.0,48763.0,1.0,0.0,356,356,99.7,NC_002167.1,NC_049952.1,42009.5,0.974653,NC_002167.1,NC_049952.1
302.06,35256.0,40469.0,1.0,0.0,236,303,199.6,NC_002167.1,NC_049926.1,37862.5,0.976067,NC_002167.1,NC_049926.1
273.0,35256.0,44120.0,1.0,0.0,273,273,100.0,NC_002167.1,NC_019720.1,39688.0,0.979364,NC_002167.1,NC_019720.1
229.01,35256.0,40155.0,1.0,0.0,128,230,296.9,NC_002167.1,NC_019767.1,37705.5,0.981779,NC_002167.1,NC_019767.1
198.0,35256.0,39026.0,1.0,0.0,128,198,200.0,NC_002167.1,NC_019714.1,37141.0,0.984007,NC_002167.1,NC_019714.1
189.02,35256.0,41528.0,1.0,0.0,97,193,195.9,NC_002167.1,NC_019719.1,38392.0,0.98523,NC_002167.1,NC_019719.1
140.94,35256.0,39043.0,1.0,0.0,145,145,97.2,NC_002167.1,NC_005344.1,37149.5,0.988618,NC_002167.1,NC_005344.1
113.0,35256.0,41567.0,1.0,0.0,92,113,200.0,NC_002167.1,NC_019709.1,38411.5,0.991175,NC_002167.1,NC_019709.1
97.02,35256.0,41969.0,1.0,0.0,98,98,99.0,NC_002167.1,NC_049951.1,38612.5,0.992462,NC_002167.1,NC_049951.1
45.0,35256.0,38759.0,1.0,0.0,45,45,100.0,NC_002167.1,NC_019705.1,37007.5,0.996352,NC_002167.1,NC_019705.1
205.96,35256.0,,1.0,0.0,,207,99.5,NC_002167.1,nan,,,NC_002167.1,nan
12472.47,37314.0,41724.0,1.0,0.0,486,12492,6488.7,NC_002371.1,NC_002371.2,39519.0,0.053179,NC_002371.1,NC_002371.2
3379.59,37314.0,41941.0,1.0,0.0,325,3597,1564.4,NC_002371.1,NC_011802.1,39627.5,0.744148,NC_002371.1,NC_011802.1
2474.08,37314.0,40525.0,1.0,0.0,321,2852,1018.5,NC_002371.1,NC_042346.1,38919.5,0.809293,NC_002371.1,NC_042346.1
2231.03,37314.0,40679.0,1.0,0.0,485,2313,945.3,NC_002371.1,NC_004348.1,38996.5,0.828367,NC_002371.1,NC_004348.1
293.93,37314.0,39672.0,1.0,0.0,277,317,185.1,NC_002371.1,NC_004775.2,38493.0,0.977092,NC_002371.1,NC_004775.2
204.05,37314.0,38297.0,1.0,0.0,80,206,297.1,NC_002371.1,NC_002730.1,37805.5,0.983808,NC_002371.1,NC_002730.1
190.01,37314.0,39026.0,1.0,0.0,204,203,93.6,NC_002371.1,NC_019714.1,38170.0,0.985066,NC_002371.1,NC_019714.1
173.88,37314.0,54896.0,1.0,0.0,307,315,55.2,NC_002371.1,NC_011356.1,46105.0,0.988686,NC_002371.1,NC_011356.1
132.96,37314.0,40155.0,1.0,0.0,145,145,91.7,NC_002371.1,NC_019767.1,38734.5,0.989702,NC_002371.1,NC_019767.1
119.0,37314.0,38684.0,1.0,0.0,119,119,100.0,NC_002371.1,NC_016761.1,37999.0,0.990605,NC_002371.1,NC_016761.1
81.97,37314.0,40710.0,1.0,0.0,121,92,89.1,NC_002371.1,NC_019710.1,39012.0,0.993696,NC_002371.1,NC_019710.1
86.94,37314.0,46835.0,1.0,0.0,145,143,60.8,NC_002371.1,NC_048197.1,42074.5,0.993801,NC_002371.1,NC_048197.1
39.98,37314.0,39043.0,1.0,0.0,55,51,78.4,NC_002371.1,NC_005344.1,38178.5,0.996858,NC_002371.1,NC_005344.1
40.99,37314.0,43129.0,1.0,0.0,62,61,67.2,NC_002371.1,NC_026611.1,40221.5,0.996943,NC_002371.1,NC_026611.1
26.0,37314.0,44829.0,1.0,0.0,62,65,40.0,NC_002371.1,NC_042084.1,41071.5,0.998101,NC_002371.1,NC_042084.1
16.98,37314.0,40844.0,1.0,0.0,54,51,33.3,NC_002371.1,NC_054464.1,39079.0,0.998696,NC_002371.1,NC_054464.1
19.01,37314.0,50485.0,1.0,0.0,54,49,38.8,NC_002371.1,NC_070949.1,43899.5,0.998701,NC_002371.1,NC_070949.1
37.04,83553.0,49534.0,1.0,0.0,258,108,34.3,NC_005856.1,NC_003085.1,66543.5,0.99833,NC_003085.1,NC_005856.1
1271.0,5661.0,6407.0,1.0,0.0,73,1271,400.0,NC_003287.2,NC_003287.1,6034.0,0.368081,NC_003287.1,NC_003287.2
2518.91,5661.0,,1.0,0.0,,2521,1099.4,NC_003287.1,nan,,,NC_003287.1,nan
2518.91,5661.0,,1.0,0.0,,2521,1099.4,NC_003287.2,nan,,,NC_003287.2,nan
6885.02,34419.0,38209.0,1.0,0.0,152,6899,2991.5,NC_003298.1,NC_047864.1,36314.0,0.431209,NC_003298.1,NC_047864.1
3906.0,34419.0,38202.0,1.0,0.0,35,3906,600.0,NC_003298.1,NC_047867.1,36310.5,0.677283,NC_003298.1,NC_047867.1
47722.18,257586.0,266743.0,1.0,0.0,129,48091,20358.5,NC_004629.1,NC_042060.1,262164.5,0.453906,NC_004629.1,NC_042060.1
30632.07,257586.0,279696.0,1.0,0.0,159,31201,13652.9,NC_004629.1,NC_042081.1,268641.0,0.657922,NC_004629.1,NC_042081.1
798.15,257586.0,301543.0,1.0,0.0,113,1012,688.5,NC_004629.1,NC_070882.1,279564.5,0.991435,NC_004629.1,NC_070882.1
171.94,257586.0,305260.0,1.0,0.0,102,331,145.0,NC_004629.1,NC_062581.1,281423.0,0.998167,NC_004629.1,NC_062581.1
112.07,257586.0,309208.0,1.0,0.0,126,252,138.1,NC_004629.1,NC_028999.1,283397.0,0.998814,NC_004629.1,NC_028999.1
62.05,257586.0,168638.0,1.0,0.0,179,146,42.5,NC_004629.1,NC_071045.1,213112.0,0.999127,NC_004629.1,NC_071045.1
70.0,257586.0,237307.0,1.0,0.0,490,228,30.7,NC_004629.1,NC_048170.1,247446.5,0.999151,NC_004629.1,NC_048170.1
43.96,257586.0,125956.0,1.0,0.0,240,108,40.7,NC_004629.1,NC_015157.1,191771.0,0.999312,NC_004629.1,NC_015157.1
34.97,257586.0,309157.0,1.0,0.0,148,135,25.9,NC_004629.1,NC_062582.1,283371.5,0.99963,NC_004629.1,NC_062582.1
12740.02,39972.0,43769.0,1.0,0.0,57,12742,4698.0,NC_004831.1,NC_004831.2,41870.5,0.087184,NC_004831.1,NC_004831.2
7502.57,39972.0,43602.0,1.0,0.0,59,7658,2802.6,NC_004831.1,NC_031271.1,41787.0,0.461371,NC_004831.1,NC_031271.1
4864.39,39972.0,43984.0,1.0,0.0,69,5168,1161.2,NC_004831.1,NC_020414.2,41978.0,0.652361,NC_004831.1,NC_020414.2
139.93,39972.0,37775.0,1.0,0.0,156,156,89.7,NC_004831.1,NC_047809.1,38873.5,0.989201,NC_004831.1,NC_047809.1
139.0,39972.0,44349.0,1.0,0.0,45,152,175.1,NC_004831.1,NC_047920.1,42160.5,0.990109,NC_004831.1,NC_047920.1
90.02,39972.0,39551.0,1.0,0.0,116,116,77.6,NC_004831.1,NC_048079.1,39761.5,0.993208,NC_004831.1,NC_048079.1
82.99,39972.0,44385.0,1.0,0.0,50,122,133.4,NC_004831.1,NC_008152.1,42178.5,0.994097,NC_004831.1,NC_008152.1
58.01,39972.0,44784.0,1.0,0.0,42,106,115.7,NC_004831.1,NC_047889.1,42378.0,0.995893,NC_004831.1,NC_047889.1
54.03,39972.0,45251.0,1.0,0.0,69,69,78.3,NC_004831.1,NC_007637.1,42611.5,0.996196,NC_004831.1,NC_007637.1
38.01,39972.0,42215.0,1.0,0.0,59,55,69.1,NC_004831.1,NC_021775.1,41093.5,0.997225,NC_004831.1,NC_021775.1
34.99,39972.0,46712.0,1.0,0.0,Klebsiella phage PSKP16,54,64.8,NC_004831.1,OW251746,43342.0,0.997578,NC_004831.1,OW251746
28.99,39972.0,45185.0,1.0,0.0,32,32,90.6,NC_004831.1,NC_048064.1,42578.5,0.997957,NC_004831.1,NC_048064.1
3135.99,44523.0,50298.0,1.0,0.0,204,3168,1574.6,NC_005833.1,NC_041873.1,47410.5,0.801564,NC_005833.1,NC_041873.1
2391.0,44523.0,49628.0,1.0,0.0,57,2472,671.2,NC_005833.1,NC_041874.1,47075.5,0.847628,NC_005833.1,NC_041874.1
2151.3,44523.0,50078.0,1.0,0.0,Escherichia phage Lg3,2184,882.6999999999999,NC_005833.1,OP094641,47300.5,0.863555,NC_005833.1,OP094641
1334.95,44523.0,50354.0,1.0,0.0,162,1361,487.2,NC_005833.1,NC_047959.1,47438.5,0.915578,NC_005833.1,NC_047959.1
1177.01,44523.0,49689.0,1.0,0.0,Escherichia phage CLB_P3,1196,985.3,NC_005833.1,OL800706,47106.0,0.925041,NC_005833.1,OL800706
1004.89,44523.0,50552.0,1.0,0.0,75,1021,585.0,NC_005833.1,NC_047785.1,47537.5,0.936584,NC_005833.1,NC_047785.1
989.24,44523.0,50465.0,1.0,0.0,Escherichia phage vB_EcoS_SA30RD,1011,383.7,NC_005833.1,OL960579,47494.0,0.937514,NC_005833.1,OL960579
870.1,44523.0,49372.0,1.0,0.0,49,897,484.8,NC_005833.1,NC_047996.1,46947.5,0.944399,NC_005833.1,NC_047996.1
592.19,44523.0,50709.0,1.0,0.0,Escherichia phage vB_EcoS_SA12KD,614,382.9,NC_005833.1,OL960582,47616.0,0.96269,NC_005833.1,OL960582
565.03,44523.0,50158.0,1.0,0.0,Escherichia phage LHE71,619,354.5,NC_005833.1,OP455115,47340.5,0.964194,NC_005833.1,OP455115
394.97,44523.0,49088.0,1.0,0.0,76,413,382.3,NC_005833.1,NC_047828.1,46805.5,0.974685,NC_005833.1,NC_047828.1
291.99,44523.0,44715.0,1.0,0.0,Shigella phage vB_SboD_StarDew,452,64.6,NC_005833.1,OL615010,44619.0,0.980368,NC_005833.1,OL615010
286.95,44523.0,50552.0,1.0,0.0,105,288,299.1,NC_005833.1,NC_019725.1,47537.5,0.981891,NC_005833.1,NC_019725.1
257.08,44523.0,50564.0,1.0,0.0,190,259,198.1,NC_005833.1,NC_041995.1,47543.5,0.983778,NC_005833.1,NC_041995.1
242.03,44523.0,50109.0,1.0,0.0,75,258,282.7,NC_005833.1,NC_026010.1,47316.0,0.984655,NC_005833.1,NC_026010.1
226.0,44523.0,50414.0,1.0,0.0,226,226,100.0,NC_005833.1,NC_048150.1,47468.5,0.985717,NC_005833.1,NC_048150.1
183.01,44523.0,50168.0,1.0,0.0,114,187,196.0,NC_005833.1,NC_049832.1,47345.5,0.988404,NC_005833.1,NC_049832.1
110.06,44523.0,50309.0,1.0,0.0,69,115,191.4,NC_005833.1,NC_049831.1,47416.0,0.993037,NC_005833.1,NC_049831.1
85.05,44523.0,46635.0,1.0,0.0,Salmonella phage F61,150,56.7,NC_005833.1,OP292674,45579.0,0.994402,NC_005833.1,OP292674
60.02,44523.0,48980.0,1.0,0.0,Escherichia phage vB_EcoS_SA32RD,61,98.4,NC_005833.1,OL960578,46751.5,0.996148,NC_005833.1,OL960578
18281.91,83553.0,115154.0,1.0,0.0,343,19341,5770.3,NC_005856.1,NC_042128.1,99353.5,0.447974,NC_005856.1,NC_042128.1
5342.8,83553.0,103445.0,1.0,0.0,73,5665,2450.6,NC_005856.1,NC_031129.1,93499.0,0.828571,NC_005856.1,NC_031129.1
259.92,83553.0,37146.0,1.0,0.0,488,361,72.0,NC_005856.1,NC_027382.1,60349.5,0.987079,NC_005856.1,NC_027382.1
144.94,83553.0,29237.0,1.0,0.0,197,183,79.2,NC_005856.1,NC_028943.1,56395.0,0.99229,NC_005856.1,NC_028943.1
147.06,83553.0,31582.0,1.0,0.0,Salmonella phage MET_P1_103_31,182,80.8,NC_005856.1,OQ383618,57567.5,0.992337,NC_005856.1,OQ383618
150.02,83553.0,43129.0,1.0,0.0,257,237,63.3,NC_005856.1,NC_026611.1,63341.0,0.992895,NC_005856.1,NC_026611.1
59.96,83553.0,47816.0,1.0,0.0,80,79,75.9,NC_005856.1,NC_071003.1,65684.5,0.997261,NC_005856.1,NC_071003.1
47.92,83553.0,30247.0,1.0,0.0,249,163,29.4,NC_005856.1,NC_049424.1,56900.0,0.997473,NC_005856.1,NC_049424.1
70.98,83553.0,135041.0,1.0,0.0,392,169,42.0,NC_005856.1,NC_015464.1,109297.0,0.998052,NC_005856.1,NC_015464.1
69.97,83553.0,132662.0,1.0,0.0,392,169,41.4,NC_005856.1,NC_016562.1,108107.5,0.998058,NC_005856.1,NC_016562.1
1708.29,104481.0,108755.0,1.0,0.0,Escherichia phage vB_EcoS_ESCO40,1718,795.6,NC_005859.1,OM386660,106618.0,0.951932,NC_005859.1,OM386660
1578.29,104481.0,106987.0,1.0,0.0,Salmonella phage MET_P1_100_107,1593,381.9,NC_005859.1,OQ383620,105734.0,0.955219,NC_005859.1,OQ383620
1492.85,104481.0,111751.0,1.0,0.0,81,1551,473.5,NC_005859.1,NC_028840.1,108116.0,0.958577,NC_005859.1,NC_028840.1
1459.07,104481.0,112115.0,1.0,0.0,Escherichia phage vB_EcoS_ESCO30,1512,1239.2,NC_005859.1,OM386657,108298.0,0.959582,NC_005859.1,OM386657
1344.26,104481.0,111814.0,1.0,0.0,Escherichia phage JLBYU43,1566,368.4,NC_005859.1,OK272477,108147.5,0.96271,NC_005859.1,OK272477
1167.77,104481.0,108723.0,1.0,0.0,Escherichia phage EC100,1208,389.8,NC_005859.1,OK665835,106602.0,0.967137,NC_005859.1,OK665835
1159.52,104481.0,110964.0,1.0,0.0,584,1189,344.3,NC_005859.1,NC_048627.1,107722.5,0.967708,NC_005859.1,NC_048627.1
1123.66,104481.0,107263.0,1.0,0.0,294,1131,397.3,NC_005859.1,NC_047822.1,105872.0,0.96816,NC_005859.1,NC_047822.1
1007.33,104481.0,107763.0,1.0,0.0,928,1014,196.2,NC_005859.1,NC_048786.1,106122.0,0.971523,NC_005859.1,NC_048786.1
917.06,104481.0,104373.0,1.0,0.0,204,951,579.6,NC_005859.1,NC_042307.1,104427.0,0.973655,NC_005859.1,NC_042307.1
924.93,104481.0,109372.0,1.0,0.0,162,955,390.8,NC_005859.1,NC_048865.1,106926.5,0.974049,NC_005859.1,NC_048865.1
877.16,104481.0,110901.0,1.0,0.0,65,884,398.4,NC_005859.1,NC_047835.1,107691.0,0.975565,NC_005859.1,NC_047835.1
875.31,104481.0,111103.0,1.0,0.0,1598,1204,72.7,NC_005859.1,NC_042093.1,107792.0,0.975639,NC_005859.1,NC_042093.1
846.85,104481.0,108050.0,1.0,0.0,144,854,494.8,NC_005859.1,NC_031022.1,106265.5,0.976092,NC_005859.1,NC_031022.1
799.14,104481.0,120098.0,1.0,0.0,96,808,493.7,NC_005859.1,NC_028754.1,112289.5,0.97865,NC_005859.1,NC_028754.1
713.94,104481.0,106455.0,1.0,0.0,Salmonella phage phB7,743,633.1,NC_005859.1,OQ680479,105468.0,0.979692,NC_005859.1,OQ680479
651.84,104481.0,110091.0,1.0,0.0,336,672,194.0,NC_005859.1,NC_048009.1,107286.0,0.981773,NC_005859.1,NC_048009.1
506.22,104481.0,107506.0,1.0,0.0,Escherichia phage PNJ1902,510,293.0,NC_005859.1,OK254197,105993.5,0.985672,NC_005859.1,OK254197
492.99,104481.0,106649.0,1.0,0.0,Salmonella phage phC17,520,722.0,NC_005859.1,OQ680481,105565.0,0.98599,NC_005859.1,OQ680481
490.02,104481.0,112001.0,1.0,0.0,Salmonella phage MET_P1_179_112,493,296.9,NC_005859.1,OQ383622,108241.0,0.986419,NC_005859.1,OQ383622
506.15,104481.0,120622.0,1.0,0.0,287,514,396.9,NC_005859.1,NC_047885.1,112551.5,0.986509,NC_005859.1,NC_047885.1
407.99,104481.0,109654.0,1.0,0.0,162,419,291.4,NC_005859.1,NC_048794.1,107067.5,0.988568,NC_005859.1,NC_048794.1
314.11,104481.0,110040.0,1.0,0.0,Escherichia phage Lindwurm,332,188.7,NC_005859.1,OK143207,107260.5,0.991215,NC_005859.1,OK143207
323.0,104481.0,120120.0,1.0,0.0,68,323,200.0,NC_005859.1,NC_048748.1,112300.5,0.991371,NC_005859.1,NC_048748.1
221.92,104481.0,101665.0,1.0,0.0,104,241,277.9,NC_005859.1,NC_047979.1,103073.0,0.993541,NC_005859.1,NC_047979.1
189.91,104481.0,109515.0,1.0,0.0,193,193,98.4,NC_005859.1,NC_048731.1,106998.0,0.994675,NC_005859.1,NC_048731.1
183.01,104481.0,119416.0,1.0,0.0,203,202,90.6,NC_005859.1,NC_048856.1,111948.5,0.995096,NC_005859.1,NC_048856.1
151.03,104481.0,105369.0,1.0,0.0,Salmonella phage phA11,163,274.7,NC_005859.1,OQ680478,104925.0,0.995682,NC_005859.1,OQ680478
151.98,104481.0,118452.0,1.0,0.0,92,184,165.2,NC_005859.1,NC_048852.1,111466.5,0.99591,NC_005859.1,NC_048852.1
144.94,104481.0,112564.0,1.0,0.0,147,147,98.6,NC_005859.1,NC_048013.1,108522.5,0.995993,NC_005859.1,NC_048013.1
125.06,104481.0,110832.0,1.0,0.0,Salmonella phage vB_SenS_S124,130,96.2,NC_005859.1,OK108607,107656.5,0.996515,NC_005859.1,OK108607
121.97,104481.0,108853.0,1.0,0.0,126,126,96.8,NC_005859.1,NC_017969.1,106667.0,0.99657,NC_005859.1,NC_017969.1
128.06,104481.0,137988.0,1.0,0.0,Klebsiella phage KPP2018,138,92.8,NC_005859.1,OQ031075,121234.5,0.996831,NC_005859.1,OQ031075
75.0,104481.0,108483.0,1.0,0.0,77,77,97.4,NC_005859.1,NC_024139.1,106482.0,0.997887,NC_005859.1,NC_024139.1
69.98,104481.0,107754.0,1.0,0.0,Escherichia phage EC148,81,86.4,NC_005859.1,ON185585,106117.5,0.998022,NC_005859.1,ON185585
87.11,104481.0,176227.0,1.0,0.0,241,238,36.6,NC_005859.1,NC_021344.2,140354.0,0.998138,NC_005859.1,NC_021344.2
48.0,104481.0,107601.0,1.0,0.0,48,48,100.0,NC_005859.1,NC_048205.1,106041.0,0.998642,NC_005859.1,NC_048205.1
34.0,104481.0,108640.0,1.0,0.0,40,40,85.0,NC_005859.1,NC_048818.1,106560.5,0.999043,NC_005859.1,NC_048818.1
7620.49,66261.0,73679.0,1.0,0.0,107,11191,1774.0,NC_008720.1,NC_048700.1,69970.0,0.673267,NC_008720.1,NC_048700.1
3891.44,66261.0,72444.0,1.0,0.0,61,5958,595.9,NC_008720.1,NC_070873.1,69352.5,0.831667,NC_008720.1,NC_070873.1
3746.44,66261.0,72458.0,1.0,0.0,106,5929,1486.4,NC_008720.1,NC_070850.1,69359.5,0.837955,NC_008720.1,NC_070850.1
1504.57,66261.0,73275.0,1.0,0.0,325,2057,342.3,NC_008720.1,NC_070872.1,69768.0,0.935304,NC_008720.1,NC_070872.1
1499.11,66261.0,74437.0,1.0,0.0,107,1984,372.1,NC_008720.1,NC_070871.1,70349.0,0.936071,NC_008720.1,NC_070871.1
985.18,66261.0,68270.0,1.0,0.0,176,1461,327.9,NC_008720.1,NC_070870.1,67265.5,0.956062,NC_008720.1,NC_070870.1
1006.65,66261.0,73898.0,1.0,0.0,299,1754,184.9,NC_008720.1,NC_054971.1,70079.5,0.956907,NC_008720.1,NC_054971.1
948.9,66261.0,72896.0,1.0,0.0,42,1459,510.7,NC_008720.1,NC_070869.1,69578.5,0.959087,NC_008720.1,NC_070869.1
687.8,66261.0,70912.0,1.0,0.0,106,998,354.7,NC_008720.1,NC_041906.1,68586.5,0.969915,NC_008720.1,NC_041906.1
546.04,66261.0,69855.0,1.0,0.0,102,992,128.2,NC_008720.1,NC_018854.1,68058.0,0.975931,NC_008720.1,NC_018854.1
434.96,66261.0,70211.0,1.0,0.0,421,652,130.1,NC_008720.1,NC_054970.1,68236.0,0.980877,NC_008720.1,NC_054970.1
352.86,66261.0,72570.0,1.0,0.0,104,574,185.0,NC_008720.1,NC_019423.1,69415.5,0.98475,NC_008720.1,NC_019423.1
311.99,66261.0,72231.0,1.0,0.0,109,481,202.20000000000002,NC_008720.1,NC_070874.1,69246.0,0.986483,NC_008720.1,NC_070874.1
270.06,66261.0,72583.0,1.0,0.0,277,387,136.3,NC_008720.1,NC_024142.2,69422.0,0.98833,NC_008720.1,NC_024142.2
255.07,66261.0,71778.0,1.0,0.0,121,320,165.10000000000002,NC_008720.1,NC_024790.1,69019.5,0.988913,NC_008720.1,NC_024790.1
185.95,66261.0,71248.0,1.0,0.0,67,224,157.4,NC_008720.1,NC_024786.1,68754.5,0.991886,NC_008720.1,NC_024786.1
149.06,66261.0,74669.0,1.0,0.0,277,274,54.4,NC_008720.1,NC_019514.1,70465.0,0.993654,NC_008720.1,NC_019514.1
108.03,66261.0,72917.0,1.0,0.0,114,206,103.30000000000001,NC_008720.1,NC_015933.1,69589.0,0.995343,NC_008720.1,NC_015933.1
76.02,66261.0,71629.0,1.0,0.0,101,138,120.3,NC_008720.1,NC_023589.1,68945.0,0.996692,NC_008720.1,NC_023589.1
78.05,66261.0,75568.0,1.0,0.0,68,193,81.1,NC_008720.1,NC_023579.1,70914.5,0.996698,NC_008720.1,NC_023579.1
75.04,66261.0,70678.0,1.0,0.0,132,134,56.0,NC_008720.1,NC_049467.1,68469.5,0.996712,NC_008720.1,NC_049467.1
43.99,66261.0,68365.0,1.0,0.0,52,52,84.6,NC_008720.1,NC_027381.1,67313.0,0.998039,NC_008720.1,NC_027381.1
32.01,66261.0,73834.0,1.0,0.0,61,55,58.2,NC_008720.1,NC_054967.1,70047.5,0.998629,NC_008720.1,NC_054967.1
32.01,66261.0,74744.0,1.0,0.0,61,55,58.2,NC_008720.1,NC_054969.1,70502.5,0.998638,NC_008720.1,NC_054969.1
28.0,66261.0,75147.0,1.0,0.0,70,70,40.0,NC_008720.1,NC_031062.2,70704.0,0.998812,NC_008720.1,NC_031062.2
33.0,66261.0,149335.0,1.0,0.0,106,100,33.0,NC_008720.1,NC_052656.1,107798.0,0.999082,NC_008720.1,NC_052656.1
28.98,66261.0,166130.0,1.0,0.0,66,63,46.0,NC_008720.1,NC_055748.1,116195.5,0.999252,NC_008720.1,NC_055748.1
60230.13,91284.0,97065.0,1.0,0.0,Carjivirus communis,60238,17581.4,NC_024711.1,NC_067194.1,94174.5,-0.918676,NC_024711.1,NC_067194.1
25676.76,91284.0,98001.0,1.0,0.0,250,29097,7047.9,NC_024711.1,NC_062771.1,94642.5,0.186092,NC_024711.1,NC_062771.1
232.17,91284.0,92361.0,1.0,0.0,294,479,91.80000000000001,NC_024711.1,NC_062776.1,91822.5,0.992415,NC_024711.1,NC_062776.1
87.0,91284.0,89781.0,1.0,0.0,151,141,61.7,NC_024711.1,NC_055879.1,90532.5,0.997117,NC_024711.1,NC_055879.1
29178.01,91284.0,,1.0,0.0,,29180,7792.9,NC_024711.1,nan,,,NC_024711.1,nan
