genome_ID	protein_ID	function	protein_length	genome_length	input_seq
NC_024711.1	NC_024711.1_1		33	91284	1
NC_024711.1	NC_024711.1_2		262	91284	1
NC_024711.1	NC_024711.1_3		102	91284	1
NC_024711.1	NC_024711.1_4		59	91284	1
NC_024711.1	NC_024711.1_5		209	91284	1
NC_024711.1	NC_024711.1_6		60	91284	1
NC_024711.1	NC_024711.1_7		194	91284	1
NC_024711.1	NC_024711.1_8		132	91284	1
NC_024711.1	NC_024711.1_9		191	91284	1
NC_024711.1	NC_024711.1_10		93	91284	1
NC_024711.1	NC_024711.1_11		111	91284	1
NC_024711.1	NC_024711.1_12		157	91284	1
NC_024711.1	NC_024711.1_13		487	91284	1
NC_024711.1	NC_024711.1_14		185	91284	1
NC_024711.1	NC_024711.1_15		776	91284	1
NC_024711.1	NC_024711.1_16		462	91284	1
NC_024711.1	NC_024711.1_17		311	91284	1
NC_024711.1	NC_024711.1_18		276	91284	1
NC_024711.1	NC_024711.1_19		340	91284	1
NC_024711.1	NC_024711.1_20		432	91284	1
NC_024711.1	NC_024711.1_21		143	91284	1
NC_024711.1	NC_024711.1_22		187	91284	1
NC_024711.1	NC_024711.1_23		406	91284	1
NC_024711.1	NC_024711.1_24		128	91284	1
NC_024711.1	NC_024711.1_25		272	91284	1
NC_024711.1	NC_024711.1_26		128	91284	1
NC_024711.1	NC_024711.1_27		290	91284	1
NC_024711.1	NC_024711.1_28		89	91284	1
NC_024711.1	NC_024711.1_29		46	91284	1
NC_024711.1	NC_024711.1_30		260	91284	1
NC_024711.1	NC_024711.1_31		354	91284	1
NC_024711.1	NC_024711.1_32		107	91284	1
NC_024711.1	NC_024711.1_33		285	91284	1
NC_024711.1	NC_024711.1_34		121	91284	1
NC_024711.1	NC_024711.1_35		86	91284	1
NC_024711.1	NC_024711.1_36		90	91284	1
NC_024711.1	NC_024711.1_37		198	91284	1
NC_024711.1	NC_024711.1_38		93	91284	1
NC_024711.1	NC_024711.1_39		55	91284	1
NC_024711.1	NC_024711.1_40		142	91284	1
NC_024711.1	NC_024711.1_41		62	91284	1
NC_024711.1	NC_024711.1_42		61	91284	1
NC_024711.1	NC_024711.1_43		185	91284	1
NC_024711.1	NC_024711.1_44		4071	91284	1
NC_024711.1	NC_024711.1_45		1958	91284	1
NC_024711.1	NC_024711.1_46		858	91284	1
NC_024711.1	NC_024711.1_47		858	91284	1
NC_024711.1	NC_024711.1_48		265	91284	1
NC_024711.1	NC_024711.1_49		1504	91284	1
NC_024711.1	NC_024711.1_50		310	91284	1
NC_024711.1	NC_024711.1_51		321	91284	1
NC_024711.1	NC_024711.1_52		235	91284	1
NC_024711.1	NC_024711.1_53		109	91284	1
NC_024711.1	NC_024711.1_54		487	91284	1
NC_024711.1	NC_024711.1_55		168	91284	1
NC_024711.1	NC_024711.1_56		114	91284	1
NC_024711.1	NC_024711.1_57		110	91284	1
NC_024711.1	NC_024711.1_58		192	91284	1
NC_024711.1	NC_024711.1_59		129	91284	1
NC_024711.1	NC_024711.1_60		172	91284	1
NC_024711.1	NC_024711.1_61		258	91284	1
NC_024711.1	NC_024711.1_62		368	91284	1
NC_024711.1	NC_024711.1_63		562	91284	1
NC_024711.1	NC_024711.1_64		1295	91284	1
NC_024711.1	NC_024711.1_65		277	91284	1
NC_024711.1	NC_024711.1_66		697	91284	1
NC_024711.1	NC_024711.1_67		869	91284	1
NC_024711.1	NC_024711.1_68		176	91284	1
NC_024711.1	NC_024711.1_69		80	91284	1
NC_024711.1	NC_024711.1_70		178	91284	1
NC_024711.1	NC_024711.1_71		288	91284	1
NC_024711.1	NC_024711.1_72		226	91284	1
NC_024711.1	NC_024711.1_73		386	91284	1
NC_024711.1	NC_024711.1_74		491	91284	1
NC_024711.1	NC_024711.1_75		437	91284	1
NC_024711.1	NC_024711.1_76		804	91284	1
NC_024711.1	NC_024711.1_77		752	91284	1
NC_024711.1	NC_024711.1_78		129	91284	1
NC_024711.1	NC_024711.1_79		93	91284	1
NC_024711.1	NC_024711.1_80		143	91284	1
NC_024711.1	NC_024711.1_81		66	91284	1
NC_024711.1	NC_024711.1_82		117	91284	1
NC_024711.1	NC_024711.1_83		336	91284	1
NC_024711.1	NC_024711.1_84		192	91284	1
NC_024711.1	NC_024711.1_85		189	91284	1
NC_024711.1	NC_024711.1_86		180	91284	1
NC_024711.1	NC_024711.1_87		47	91284	1
NC_024711.1	NC_024711.1_88		219	91284	1
NC_024711.1	NC_024711.1_89		52	91284	1
NC_001420.2	NC_001420.2_1		555	5211	1
NC_001420.2	NC_001420.2_2		85	5211	1
NC_001420.2	NC_001420.2_3		153	5211	1
NC_001420.2	NC_001420.2_4		428	5211	1
NC_001420.2	NC_001420.2_5		178	5211	1
NC_001420.2	NC_001420.2_6		338	5211	1
NC_002167.1	NC_002167.1_1		162	35256	1
NC_002167.1	NC_002167.1_2		505	35256	1
NC_002167.1	NC_002167.1_3		425	35256	1
NC_002167.1	NC_002167.1_4		226	35256	1
NC_002167.1	NC_002167.1_5		386	35256	1
NC_002167.1	NC_002167.1_6		109	35256	1
NC_002167.1	NC_002167.1_7		113	35256	1
NC_002167.1	NC_002167.1_8		150	35256	1
NC_002167.1	NC_002167.1_9		116	35256	1
NC_002167.1	NC_002167.1_10		235	35256	1
NC_002167.1	NC_002167.1_11		129	35256	1
NC_002167.1	NC_002167.1_12		69	35256	1
NC_002167.1	NC_002167.1_13		63	35256	1
NC_002167.1	NC_002167.1_14		1094	35256	1
NC_002167.1	NC_002167.1_15		113	35256	1
NC_002167.1	NC_002167.1_16		253	35256	1
NC_002167.1	NC_002167.1_17		237	35256	1
NC_002167.1	NC_002167.1_18		203	35256	1
NC_002167.1	NC_002167.1_19		121	35256	1
NC_002167.1	NC_002167.1_20		87	35256	1
NC_002167.1	NC_002167.1_21		33	35256	1
NC_002167.1	NC_002167.1_22		1297	35256	1
NC_002167.1	NC_002167.1_23		322	35256	1
NC_002167.1	NC_002167.1_24		203	35256	1
NC_002167.1	NC_002167.1_25		357	35256	1
NC_002167.1	NC_002167.1_26		73	35256	1
NC_002167.1	NC_002167.1_27		177	35256	1
NC_002167.1	NC_002167.1_28		55	35256	1
NC_002167.1	NC_002167.1_29		98	35256	1
NC_002167.1	NC_002167.1_30		130	35256	1
NC_002167.1	NC_002167.1_31		202	35256	1
NC_002167.1	NC_002167.1_32		84	35256	1
NC_002167.1	NC_002167.1_33		51	35256	1
NC_002167.1	NC_002167.1_34		45	35256	1
NC_002167.1	NC_002167.1_35		157	35256	1
NC_002167.1	NC_002167.1_36		128	35256	1
NC_002167.1	NC_002167.1_37		217	35256	1
NC_002167.1	NC_002167.1_38		89	35256	1
NC_002167.1	NC_002167.1_39		238	35256	1
NC_002167.1	NC_002167.1_40		67	35256	1
NC_002167.1	NC_002167.1_41		99	35256	1
NC_002167.1	NC_002167.1_42		54	35256	1
NC_002167.1	NC_002167.1_43		274	35256	1
NC_002167.1	NC_002167.1_44		459	35256	1
NC_002167.1	NC_002167.1_45		33	35256	1
NC_002167.1	NC_002167.1_46		71	35256	1
NC_002167.1	NC_002167.1_47		147	35256	1
NC_002167.1	NC_002167.1_48		176	35256	1
NC_002167.1	NC_002167.1_49		242	35256	1
NC_002167.1	NC_002167.1_50		97	35256	1
NC_002167.1	NC_002167.1_51		121	35256	1
NC_002167.1	NC_002167.1_52		63	35256	1
NC_002167.1	NC_002167.1_53		208	35256	1
NC_002167.1	NC_002167.1_54		107	35256	1
NC_002167.1	NC_002167.1_55		159	35256	1
NC_002167.1	NC_002167.1_56		146	35256	1
NC_002167.1	NC_002167.1_57		243	35256	1
NC_002167.1	NC_002167.1_58		46	35256	1
NC_002167.1	NC_002167.1_59		120	35256	1
NC_002167.1	NC_002167.1_60		68	35256	1
NC_001416.1	NC_001416.1_1		182	41160	1
NC_001416.1	NC_001416.1_2		582	41160	1
NC_001416.1	NC_001416.1_3		69	41160	1
NC_001416.1	NC_001416.1_4		534	41160	1
NC_001416.1	NC_001416.1_5		440	41160	1
NC_001416.1	NC_001416.1_6		111	41160	1
NC_001416.1	NC_001416.1_7		342	41160	1
NC_001416.1	NC_001416.1_8		133	41160	1
NC_001416.1	NC_001416.1_9		118	41160	1
NC_001416.1	NC_001416.1_10		193	41160	1
NC_001416.1	NC_001416.1_11		132	41160	1
NC_001416.1	NC_001416.1_12		247	41160	1
NC_001416.1	NC_001416.1_13		141	41160	1
NC_001416.1	NC_001416.1_14		75	41160	1
NC_001416.1	NC_001416.1_15		854	41160	1
NC_001416.1	NC_001416.1_16		110	41160	1
NC_001416.1	NC_001416.1_17		233	41160	1
NC_001416.1	NC_001416.1_18		224	41160	1
NC_001416.1	NC_001416.1_19		1133	41160	1
NC_001416.1	NC_001416.1_20		207	41160	1
NC_001416.1	NC_001416.1_21		402	41160	1
NC_001416.1	NC_001416.1_22		315	41160	1
NC_001416.1	NC_001416.1_23		195	41160	1
NC_001416.1	NC_001416.1_24		411	41160	1
NC_001416.1	NC_001416.1_25		297	41160	1
NC_001416.1	NC_001416.1_26		526	41160	1
NC_001416.1	NC_001416.1_27		357	41160	1
NC_001416.1	NC_001416.1_28		73	41160	1
NC_001416.1	NC_001416.1_29		56	41160	1
NC_001416.1	NC_001416.1_30		94	41160	1
NC_001416.1	NC_001416.1_31		183	41160	1
NC_001416.1	NC_001416.1_32		74	41160	1
NC_001416.1	NC_001416.1_33		64	41160	1
NC_001416.1	NC_001416.1_34		61	41160	1
NC_001416.1	NC_001416.1_35		227	41160	1
NC_001416.1	NC_001416.1_36		262	41160	1
NC_001416.1	NC_001416.1_37		99	41160	1
NC_001416.1	NC_001416.1_38		48	41160	1
NC_001416.1	NC_001416.1_39		55	41160	1
NC_001416.1	NC_001416.1_40		123	41160	1
NC_001416.1	NC_001416.1_41		67	41160	1
NC_001416.1	NC_001416.1_42		180	41160	1
NC_001416.1	NC_001416.1_43		108	41160	1
NC_001416.1	NC_001416.1_44		145	41160	1
NC_001416.1	NC_001416.1_45		280	41160	1
NC_001416.1	NC_001416.1_46		238	41160	1
NC_001416.1	NC_001416.1_47		67	41160	1
NC_001416.1	NC_001416.1_48		98	41160	1
NC_001416.1	NC_001416.1_49		300	41160	1
NC_001416.1	NC_001416.1_50		234	41160	1
NC_001416.1	NC_001416.1_51		97	41160	1
NC_001416.1	NC_001416.1_52		147	41160	1
NC_001416.1	NC_001416.1_53		291	41160	1
NC_001416.1	NC_001416.1_54		58	41160	1
NC_001416.1	NC_001416.1_55		204	41160	1
NC_001416.1	NC_001416.1_56		69	41160	1
NC_001416.1	NC_001416.1_57		222	41160	1
NC_001416.1	NC_001416.1_58		208	41160	1
NC_001416.1	NC_001416.1_59		108	41160	1
NC_001416.1	NC_001416.1_60		159	41160	1
NC_001416.1	NC_001416.1_61		154	41160	1
NC_001416.1	NC_001416.1_62		98	41160	1
NC_001416.1	NC_001416.1_63		137	41160	1
NC_001416.1	NC_001416.1_64		69	41160	1
NC_003287.2	NC_003287.2_1		277	5661	1
NC_003287.2	NC_003287.2_2		88	5661	1
NC_003287.2	NC_003287.2_3		74	5661	1
NC_003287.2	NC_003287.2_4		425	5661	1
NC_003287.2	NC_003287.2_5		113	5661	1
NC_003287.2	NC_003287.2_6		349	5661	1
NC_003287.2	NC_003287.2_7		427	5661	1
NC_003287.2	NC_003287.2_8		134	5661	1
NC_001417.2	NC_001417.2_1		394	3213	1
NC_001417.2	NC_001417.2_2		131	3213	1
NC_001417.2	NC_001417.2_3		546	3213	1
NC_000929.1	NC_000929.1_1		32	35091	1
NC_000929.1	NC_000929.1_2		197	35091	1
NC_000929.1	NC_000929.1_3		76	35091	1
NC_000929.1	NC_000929.1_4		664	35091	1
NC_000929.1	NC_000929.1_5		313	35091	1
NC_000929.1	NC_000929.1_6		76	35091	1
NC_000929.1	NC_000929.1_7		77	35091	1
NC_000929.1	NC_000929.1_8		88	35091	1
NC_000929.1	NC_000929.1_9		140	35091	1
NC_000929.1	NC_000929.1_10		100	35091	1
NC_000929.1	NC_000929.1_11		175	35091	1
NC_000929.1	NC_000929.1_12		177	35091	1
NC_000929.1	NC_000929.1_13		177	35091	1
NC_000929.1	NC_000929.1_14		61	35091	1
NC_000929.1	NC_000929.1_15		101	35091	1
NC_000929.1	NC_000929.1_16		89	35091	1
NC_000929.1	NC_000929.1_17		184	35091	1
NC_000929.1	NC_000929.1_18		130	35091	1
NC_000929.1	NC_000929.1_19		73	35091	1
NC_000929.1	NC_000929.1_20		121	35091	1
NC_000929.1	NC_000929.1_21		141	35091	1
NC_000929.1	NC_000929.1_22		172	35091	1
NC_000929.1	NC_000929.1_23		129	35091	1
NC_000929.1	NC_000929.1_24		65	35091	1
NC_000929.1	NC_000929.1_25		100	35091	1
NC_000929.1	NC_000929.1_26		97	35091	1
NC_000929.1	NC_000929.1_27		192	35091	1
NC_000929.1	NC_000929.1_28		552	35091	1
NC_000929.1	NC_000929.1_29		513	35091	1
NC_000929.1	NC_000929.1_30		440	35091	1
NC_000929.1	NC_000929.1_31		153	35091	1
NC_000929.1	NC_000929.1_32		362	35091	1
NC_000929.1	NC_000929.1_33		306	35091	1
NC_000929.1	NC_000929.1_34		137	35091	1
NC_000929.1	NC_000929.1_35		142	35091	1
NC_000929.1	NC_000929.1_36		183	35091	1
NC_000929.1	NC_000929.1_37		69	35091	1
NC_000929.1	NC_000929.1_38		496	35091	1
NC_000929.1	NC_000929.1_39		119	35091	1
NC_000929.1	NC_000929.1_40		145	35091	1
NC_000929.1	NC_000929.1_41		691	35091	1
NC_000929.1	NC_000929.1_42		496	35091	1
NC_000929.1	NC_000929.1_43		380	35091	1
NC_000929.1	NC_000929.1_44		198	35091	1
NC_000929.1	NC_000929.1_45		146	35091	1
NC_000929.1	NC_000929.1_46		361	35091	1
NC_000929.1	NC_000929.1_47		181	35091	1
NC_000929.1	NC_000929.1_48		505	35091	1
NC_000929.1	NC_000929.1_49		176	35091	1
NC_000929.1	NC_000929.1_50		178	35091	1
NC_000929.1	NC_000929.1_51		332	35091	1
NC_000929.1	NC_000929.1_52		194	35091	1
NC_000929.1	NC_000929.1_53		63	35091	1
NC_000929.1	NC_000929.1_54		232	35091	1
NC_008720.1	NC_008720.1_1		109	66261	1
NC_008720.1	NC_008720.1_2		129	66261	1
NC_008720.1	NC_008720.1_3		105	66261	1
NC_008720.1	NC_008720.1_4		146	66261	1
NC_008720.1	NC_008720.1_5		66	66261	1
NC_008720.1	NC_008720.1_6		53	66261	1
NC_008720.1	NC_008720.1_7		70	66261	1
NC_008720.1	NC_008720.1_8		72	66261	1
NC_008720.1	NC_008720.1_9		105	66261	1
NC_008720.1	NC_008720.1_10		59	66261	1
NC_008720.1	NC_008720.1_11		107	66261	1
NC_008720.1	NC_008720.1_12		123	66261	1
NC_008720.1	NC_008720.1_13		62	66261	1
NC_008720.1	NC_008720.1_14		127	66261	1
NC_008720.1	NC_008720.1_15		270	66261	1
NC_008720.1	NC_008720.1_16		405	66261	1
NC_008720.1	NC_008720.1_17		280	66261	1
NC_008720.1	NC_008720.1_18		105	66261	1
NC_008720.1	NC_008720.1_19		69	66261	1
NC_008720.1	NC_008720.1_20		279	66261	1
NC_008720.1	NC_008720.1_21		75	66261	1
NC_008720.1	NC_008720.1_22		119	66261	1
NC_008720.1	NC_008720.1_23		57	66261	1
NC_008720.1	NC_008720.1_24		353	66261	1
NC_008720.1	NC_008720.1_25		60	66261	1
NC_008720.1	NC_008720.1_26		381	66261	1
NC_008720.1	NC_008720.1_27		169	66261	1
NC_008720.1	NC_008720.1_28		67	66261	1
NC_008720.1	NC_008720.1_29		81	66261	1
NC_008720.1	NC_008720.1_30		154	66261	1
NC_008720.1	NC_008720.1_31		314	66261	1
NC_008720.1	NC_008720.1_32		78	66261	1
NC_008720.1	NC_008720.1_33		109	66261	1
NC_008720.1	NC_008720.1_34		842	66261	1
NC_008720.1	NC_008720.1_35		697	66261	1
NC_008720.1	NC_008720.1_36		132	66261	1
NC_008720.1	NC_008720.1_37		110	66261	1
NC_008720.1	NC_008720.1_38		440	66261	1
NC_008720.1	NC_008720.1_39		176	66261	1
NC_008720.1	NC_008720.1_40		860	66261	1
NC_008720.1	NC_008720.1_41		113	66261	1
NC_008720.1	NC_008720.1_42		203	66261	1
NC_008720.1	NC_008720.1_43		325	66261	1
NC_008720.1	NC_008720.1_44		716	66261	1
NC_008720.1	NC_008720.1_45		252	66261	1
NC_008720.1	NC_008720.1_46		266	66261	1
NC_008720.1	NC_008720.1_47		186	66261	1
NC_008720.1	NC_008720.1_48		145	66261	1
NC_008720.1	NC_008720.1_49		124	66261	1
NC_008720.1	NC_008720.1_50		161	66261	1
NC_008720.1	NC_008720.1_51		3501	66261	1
NC_008720.1	NC_008720.1_52		645	66261	1
NC_008720.1	NC_008720.1_53		151	66261	1
NC_008720.1	NC_008720.1_54		886	66261	1
NC_008720.1	NC_008720.1_55		300	66261	1
NC_008720.1	NC_008720.1_56		209	66261	1
NC_008720.1	NC_008720.1_57		402	66261	1
NC_008720.1	NC_008720.1_58		406	66261	1
NC_008720.1	NC_008720.1_59		116	66261	1
NC_008720.1	NC_008720.1_60		764	66261	1
NC_008720.1	NC_008720.1_61		168	66261	1
NC_008720.1	NC_008720.1_62		209	66261	1
NC_008720.1	NC_008720.1_63		88	66261	1
NC_008720.1	NC_008720.1_64		111	66261	1
NC_008720.1	NC_008720.1_65		418	66261	1
NC_008720.1	NC_008720.1_66		1383	66261	1
NC_008720.1	NC_008720.1_67		557	66261	1
NC_008720.1	NC_008720.1_68		237	66261	1
NC_008720.1	NC_008720.1_69		531	66261	1
NC_008720.1	NC_008720.1_70		231	66261	1
NC_008720.1	NC_008720.1_71		103	66261	1
NC_008720.1	NC_008720.1_72		122	66261	1
NC_008720.1	NC_008720.1_73		43	66261	1
NC_005856.1	NC_005856.1_1		74	83553	1
NC_005856.1	NC_005856.1_2		344	83553	1
NC_005856.1	NC_005856.1_3		104	83553	1
NC_005856.1	NC_005856.1_4		187	83553	1
NC_005856.1	NC_005856.1_5		214	83553	1
NC_005856.1	NC_005856.1_6		971	83553	1
NC_005856.1	NC_005856.1_7		390	83553	1
NC_005856.1	NC_005856.1_8		327	83553	1
NC_005856.1	NC_005856.1_9		267	83553	1
NC_005856.1	NC_005856.1_10		83	83553	1
NC_005856.1	NC_005856.1_11		147	83553	1
NC_005856.1	NC_005856.1_12		2256	83553	1
NC_005856.1	NC_005856.1_13		570	83553	1
NC_005856.1	NC_005856.1_14		340	83553	1
NC_005856.1	NC_005856.1_15		186	83553	1
NC_005856.1	NC_005856.1_16		163	83553	1
NC_005856.1	NC_005856.1_17		265	83553	1
NC_005856.1	NC_005856.1_18		202	83553	1
NC_005856.1	NC_005856.1_19		103	83553	1
NC_005856.1	NC_005856.1_20		988	83553	1
NC_005856.1	NC_005856.1_21		122	83553	1
NC_005856.1	NC_005856.1_22		640	83553	1
NC_005856.1	NC_005856.1_23		201	83553	1
NC_005856.1	NC_005856.1_24		148	83553	1
NC_005856.1	NC_005856.1_25		110	83553	1
NC_005856.1	NC_005856.1_26		94	83553	1
NC_005856.1	NC_005856.1_27		187	83553	1
NC_005856.1	NC_005856.1_28		505	83553	1
NC_005856.1	NC_005856.1_29		178	83553	1
NC_005856.1	NC_005856.1_30		176	83553	1
NC_005856.1	NC_005856.1_31		988	83553	1
NC_005856.1	NC_005856.1_32		145	83553	1
NC_005856.1	NC_005856.1_33		279	83553	1
NC_005856.1	NC_005856.1_34		478	83553	1
NC_005856.1	NC_005856.1_35		119	83553	1
NC_005856.1	NC_005856.1_36		1141	83553	1
NC_005856.1	NC_005856.1_37		294	83553	1
NC_005856.1	NC_005856.1_38		204	83553	1
NC_005856.1	NC_005856.1_39		189	83553	1
NC_005856.1	NC_005856.1_40		260	83553	1
NC_005856.1	NC_005856.1_41		106	83553	1
NC_005856.1	NC_005856.1_42		74	83553	1
NC_005856.1	NC_005856.1_43		348	83553	1
NC_005856.1	NC_005856.1_44		267	83553	1
NC_005856.1	NC_005856.1_45		270	83553	1
NC_005856.1	NC_005856.1_46		235	83553	1
NC_005856.1	NC_005856.1_47		155	83553	1
NC_005856.1	NC_005856.1_48		99	83553	1
NC_005856.1	NC_005856.1_49		170	83553	1
NC_005856.1	NC_005856.1_50		155	83553	1
NC_005856.1	NC_005856.1_51		272	83553	1
NC_005856.1	NC_005856.1_52		530	83553	1
NC_005856.1	NC_005856.1_53		569	83553	1
NC_005856.1	NC_005856.1_54		334	83553	1
NC_005856.1	NC_005856.1_55		399	83553	1
NC_005856.1	NC_005856.1_56		154	83553	1
NC_005856.1	NC_005856.1_57		287	83553	1
NC_005856.1	NC_005856.1_58		131	83553	1
NC_005856.1	NC_005856.1_59		141	83553	1
NC_005856.1	NC_005856.1_60		263	83553	1
NC_005856.1	NC_005856.1_61		95	83553	1
NC_005856.1	NC_005856.1_62		302	83553	1
NC_005856.1	NC_005856.1_63		755	83553	1
NC_005856.1	NC_005856.1_64		142	83553	1
NC_005856.1	NC_005856.1_65		36	83553	1
NC_005856.1	NC_005856.1_66		455	83553	1
NC_005856.1	NC_005856.1_67		333	83553	1
NC_005856.1	NC_005856.1_68		211	83553	1
NC_005856.1	NC_005856.1_69		339	83553	1
NC_005856.1	NC_005856.1_70		262	83553	1
NC_005856.1	NC_005856.1_71		243	83553	1
NC_005856.1	NC_005856.1_72		406	83553	1
NC_005856.1	NC_005856.1_73		126	83553	1
NC_005856.1	NC_005856.1_74		82	83553	1
NC_005856.1	NC_005856.1_75		193	83553	1
NC_005856.1	NC_005856.1_76		52	83553	1
NC_005856.1	NC_005856.1_77		209	83553	1
NC_005856.1	NC_005856.1_78		226	83553	1
NC_005856.1	NC_005856.1_79		234	83553	1
NC_005856.1	NC_005856.1_80		73	83553	1
NC_005856.1	NC_005856.1_81		421	83553	1
NC_005856.1	NC_005856.1_82		169	83553	1
NC_005856.1	NC_005856.1_83		310	83553	1
NC_005856.1	NC_005856.1_84		121	83553	1
NC_005856.1	NC_005856.1_85		46	83553	1
NC_005856.1	NC_005856.1_86		84	83553	1
NC_005856.1	NC_005856.1_87		191	83553	1
NC_005856.1	NC_005856.1_88		130	83553	1
NC_005856.1	NC_005856.1_89		74	83553	1
NC_005856.1	NC_005856.1_90		127	83553	1
NC_005856.1	NC_005856.1_91		60	83553	1
NC_005856.1	NC_005856.1_92		348	83553	1
NC_005856.1	NC_005856.1_93		151	83553	1
NC_005856.1	NC_005856.1_94		398	83553	1
NC_005856.1	NC_005856.1_95		495	83553	1
NC_005856.1	NC_005856.1_96		284	83553	1
NC_005856.1	NC_005856.1_97		70	83553	1
NC_002371.1	NC_002371.1_1		486	37314	1
NC_002371.1	NC_002371.1_2		311	37314	1
NC_002371.1	NC_002371.1_3		388	37314	1
NC_002371.1	NC_002371.1_4		212	37314	1
NC_002371.1	NC_002371.1_5		60	37314	1
NC_002371.1	NC_002371.1_6		318	37314	1
NC_002371.1	NC_002371.1_7		65	37314	1
NC_002371.1	NC_002371.1_8		198	37314	1
NC_002371.1	NC_002371.1_9		120	37314	1
NC_002371.1	NC_002371.1_10		46	37314	1
NC_002371.1	NC_002371.1_11		166	37314	1
NC_002371.1	NC_002371.1_12		57	37314	1
NC_002371.1	NC_002371.1_13		98	37314	1
NC_002371.1	NC_002371.1_14		95	37314	1
NC_002371.1	NC_002371.1_15		206	37314	1
NC_002371.1	NC_002371.1_16		48	37314	1
NC_002371.1	NC_002371.1_17		63	37314	1
NC_002371.1	NC_002371.1_18		53	37314	1
NC_002371.1	NC_002371.1_19		104	37314	1
NC_002371.1	NC_002371.1_20		68	37314	1
NC_002371.1	NC_002371.1_21		79	37314	1
NC_002371.1	NC_002371.1_22		65	37314	1
NC_002371.1	NC_002371.1_23		184	37314	1
NC_002371.1	NC_002371.1_24		101	37314	1
NC_002371.1	NC_002371.1_25		217	37314	1
NC_002371.1	NC_002371.1_26		62	37314	1
NC_002371.1	NC_002371.1_27		93	37314	1
NC_002371.1	NC_002371.1_28		49	37314	1
NC_002371.1	NC_002371.1_29		272	37314	1
NC_002371.1	NC_002371.1_30		459	37314	1
NC_002371.1	NC_002371.1_31		146	37314	1
NC_002371.1	NC_002371.1_32		111	37314	1
NC_002371.1	NC_002371.1_33		59	37314	1
NC_002371.1	NC_002371.1_34		204	37314	1
NC_002371.1	NC_002371.1_35		75	37314	1
NC_002371.1	NC_002371.1_36		68	37314	1
NC_002371.1	NC_002371.1_37		60	37314	1
NC_002371.1	NC_002371.1_38		208	37314	1
NC_002371.1	NC_002371.1_39		109	37314	1
NC_002371.1	NC_002371.1_40		146	37314	1
NC_002371.1	NC_002371.1_41		146	37314	1
NC_002371.1	NC_002371.1_42		202	37314	1
NC_002371.1	NC_002371.1_43		87	37314	1
NC_002371.1	NC_002371.1_44		81	37314	1
NC_002371.1	NC_002371.1_45		60	37314	1
NC_002371.1	NC_002371.1_46		163	37314	1
NC_002371.1	NC_002371.1_47		500	37314	1
NC_002371.1	NC_002371.1_48		726	37314	1
NC_002371.1	NC_002371.1_49		304	37314	1
NC_002371.1	NC_002371.1_50		431	37314	1
NC_002371.1	NC_002371.1_51		70	37314	1
NC_002371.1	NC_002371.1_52		167	37314	1
NC_002371.1	NC_002371.1_53		473	37314	1
NC_002371.1	NC_002371.1_54		234	37314	1
NC_002371.1	NC_002371.1_55		152	37314	1
NC_002371.1	NC_002371.1_56		230	37314	1
NC_002371.1	NC_002371.1_57		472	37314	1
NC_002371.1	NC_002371.1_58		610	37314	1
NC_002371.1	NC_002371.1_59		165	37314	1
NC_002371.1	NC_002371.1_60		69	37314	1
NC_002371.1	NC_002371.1_61		60	37314	1
NC_002371.1	NC_002371.1_62		84	37314	1
NC_002371.1	NC_002371.1_63		54	37314	1
NC_002371.1	NC_002371.1_64		301	37314	1
NC_002371.1	NC_002371.1_65		668	37314	1
NC_001895.1	NC_001895.1_1		47	30858	1
NC_001895.1	NC_001895.1_2		345	30858	1
NC_001895.1	NC_001895.1_3		591	30858	1
NC_001895.1	NC_001895.1_4		285	30858	1
NC_001895.1	NC_001895.1_5		358	30858	1
NC_001895.1	NC_001895.1_6		248	30858	1
NC_001895.1	NC_001895.1_7		170	30858	1
NC_001895.1	NC_001895.1_8		68	30858	1
NC_001895.1	NC_001895.1_9		94	30858	1
NC_001895.1	NC_001895.1_10		166	30858	1
NC_001895.1	NC_001895.1_11		142	30858	1
NC_001895.1	NC_001895.1_12		142	30858	1
NC_001895.1	NC_001895.1_13		53	30858	1
NC_001895.1	NC_001895.1_14		156	30858	1
NC_001895.1	NC_001895.1_15		151	30858	1
NC_001895.1	NC_001895.1_16		262	30858	1
NC_001895.1	NC_001895.1_17		212	30858	1
NC_001895.1	NC_001895.1_18		116	30858	1
NC_001895.1	NC_001895.1_19		303	30858	1
NC_001895.1	NC_001895.1_20		177	30858	1
NC_001895.1	NC_001895.1_21		670	30858	1
NC_001895.1	NC_001895.1_22		176	30858	1
NC_001895.1	NC_001895.1_23		529	30858	1
NC_001895.1	NC_001895.1_24		397	30858	1
NC_001895.1	NC_001895.1_25		173	30858	1
NC_001895.1	NC_001895.1_26		92	30858	1
NC_001895.1	NC_001895.1_27		816	30858	1
NC_001895.1	NC_001895.1_28		160	30858	1
NC_001895.1	NC_001895.1_29		388	30858	1
NC_001895.1	NC_001895.1_30		338	30858	1
NC_001895.1	NC_001895.1_31		89	30858	1
NC_001895.1	NC_001895.1_32		92	30858	1
NC_001895.1	NC_001895.1_33		57	30858	1
NC_001895.1	NC_001895.1_34		167	30858	1
NC_001895.1	NC_001895.1_35		75	30858	1
NC_001895.1	NC_001895.1_36		101	30858	1
NC_001895.1	NC_001895.1_37		75	30858	1
NC_001895.1	NC_001895.1_38		92	30858	1
NC_001895.1	NC_001895.1_39		762	30858	1
NC_001895.1	NC_001895.1_40		110	30858	1
NC_001895.1	NC_001895.1_41		254	30858	1
NC_001895.1	NC_001895.1_42		587	30858	1
NC_004629.1	NC_004629.1_1		130	257586	1
NC_004629.1	NC_004629.1_2		195	257586	1
NC_004629.1	NC_004629.1_3		169	257586	1
NC_004629.1	NC_004629.1_4		174	257586	1
NC_004629.1	NC_004629.1_5		135	257586	1
NC_004629.1	NC_004629.1_6		172	257586	1
NC_004629.1	NC_004629.1_7		79	257586	1
NC_004629.1	NC_004629.1_8		71	257586	1
NC_004629.1	NC_004629.1_9		111	257586	1
NC_004629.1	NC_004629.1_10		87	257586	1
NC_004629.1	NC_004629.1_11		50	257586	1
NC_004629.1	NC_004629.1_12		114	257586	1
NC_004629.1	NC_004629.1_13		133	257586	1
NC_004629.1	NC_004629.1_14		58	257586	1
NC_004629.1	NC_004629.1_15		136	257586	1
NC_004629.1	NC_004629.1_16		371	257586	1
NC_004629.1	NC_004629.1_17		334	257586	1
NC_004629.1	NC_004629.1_18		160	257586	1
NC_004629.1	NC_004629.1_19		48	257586	1
NC_004629.1	NC_004629.1_20		131	257586	1
NC_004629.1	NC_004629.1_21		110	257586	1
NC_004629.1	NC_004629.1_22		70	257586	1
NC_004629.1	NC_004629.1_23		86	257586	1
NC_004629.1	NC_004629.1_24		112	257586	1
NC_004629.1	NC_004629.1_25		188	257586	1
NC_004629.1	NC_004629.1_26		139	257586	1
NC_004629.1	NC_004629.1_27		89	257586	1
NC_004629.1	NC_004629.1_28		718	257586	1
NC_004629.1	NC_004629.1_29		553	257586	1
NC_004629.1	NC_004629.1_30		899	257586	1
NC_004629.1	NC_004629.1_31		321	257586	1
NC_004629.1	NC_004629.1_32		696	257586	1
NC_004629.1	NC_004629.1_33		294	257586	1
NC_004629.1	NC_004629.1_34		61	257586	1
NC_004629.1	NC_004629.1_35		399	257586	1
NC_004629.1	NC_004629.1_36		119	257586	1
NC_004629.1	NC_004629.1_37		413	257586	1
NC_004629.1	NC_004629.1_38		290	257586	1
NC_004629.1	NC_004629.1_39		68	257586	1
NC_004629.1	NC_004629.1_40		257	257586	1
NC_004629.1	NC_004629.1_41		272	257586	1
NC_004629.1	NC_004629.1_42		272	257586	1
NC_004629.1	NC_004629.1_43		274	257586	1
NC_004629.1	NC_004629.1_44		171	257586	1
NC_004629.1	NC_004629.1_45		327	257586	1
NC_004629.1	NC_004629.1_46		161	257586	1
NC_004629.1	NC_004629.1_47		158	257586	1
NC_004629.1	NC_004629.1_48		106	257586	1
NC_004629.1	NC_004629.1_49		96	257586	1
NC_004629.1	NC_004629.1_50		76	257586	1
NC_004629.1	NC_004629.1_51		267	257586	1
NC_004629.1	NC_004629.1_52		143	257586	1
NC_004629.1	NC_004629.1_53		358	257586	1
NC_004629.1	NC_004629.1_54		130	257586	1
NC_004629.1	NC_004629.1_55		153	257586	1
NC_004629.1	NC_004629.1_56		145	257586	1
NC_004629.1	NC_004629.1_57		179	257586	1
NC_004629.1	NC_004629.1_58		128	257586	1
NC_004629.1	NC_004629.1_59		139	257586	1
NC_004629.1	NC_004629.1_60		732	257586	1
NC_004629.1	NC_004629.1_61		59	257586	1
NC_004629.1	NC_004629.1_62		240	257586	1
NC_004629.1	NC_004629.1_63		364	257586	1
NC_004629.1	NC_004629.1_64		122	257586	1
NC_004629.1	NC_004629.1_65		627	257586	1
NC_004629.1	NC_004629.1_66		421	257586	1
NC_004629.1	NC_004629.1_67		335	257586	1
NC_004629.1	NC_004629.1_68		62	257586	1
NC_004629.1	NC_004629.1_69		128	257586	1
NC_004629.1	NC_004629.1_70		142	257586	1
NC_004629.1	NC_004629.1_71		61	257586	1
NC_004629.1	NC_004629.1_72		204	257586	1
NC_004629.1	NC_004629.1_73		112	257586	1
NC_004629.1	NC_004629.1_74		155	257586	1
NC_004629.1	NC_004629.1_75		137	257586	1
NC_004629.1	NC_004629.1_76		186	257586	1
NC_004629.1	NC_004629.1_77		203	257586	1
NC_004629.1	NC_004629.1_78		359	257586	1
NC_004629.1	NC_004629.1_79		277	257586	1
NC_004629.1	NC_004629.1_80		247	257586	1
NC_004629.1	NC_004629.1_81		522	257586	1
NC_004629.1	NC_004629.1_82		558	257586	1
NC_004629.1	NC_004629.1_83		460	257586	1
NC_004629.1	NC_004629.1_84		121	257586	1
NC_004629.1	NC_004629.1_85		57	257586	1
NC_004629.1	NC_004629.1_86		395	257586	1
NC_004629.1	NC_004629.1_87		317	257586	1
NC_004629.1	NC_004629.1_88		296	257586	1
NC_004629.1	NC_004629.1_89		678	257586	1
NC_004629.1	NC_004629.1_90		538	257586	1
NC_004629.1	NC_004629.1_91		86	257586	1
NC_004629.1	NC_004629.1_92		64	257586	1
NC_004629.1	NC_004629.1_93		65	257586	1
NC_004629.1	NC_004629.1_94		48	257586	1
NC_004629.1	NC_004629.1_95		81	257586	1
NC_004629.1	NC_004629.1_96		534	257586	1
NC_004629.1	NC_004629.1_97		165	257586	1
NC_004629.1	NC_004629.1_98		286	257586	1
NC_004629.1	NC_004629.1_99		450	257586	1
NC_004629.1	NC_004629.1_100		474	257586	1
NC_004629.1	NC_004629.1_101		639	257586	1
NC_004629.1	NC_004629.1_102		505	257586	1
NC_004629.1	NC_004629.1_103		414	257586	1
NC_004629.1	NC_004629.1_104		150	257586	1
NC_004629.1	NC_004629.1_105		423	257586	1
NC_004629.1	NC_004629.1_106		972	257586	1
NC_004629.1	NC_004629.1_107		350	257586	1
NC_004629.1	NC_004629.1_108		388	257586	1
NC_004629.1	NC_004629.1_109		310	257586	1
NC_004629.1	NC_004629.1_110		177	257586	1
NC_004629.1	NC_004629.1_111		441	257586	1
NC_004629.1	NC_004629.1_112		436	257586	1
NC_004629.1	NC_004629.1_113		506	257586	1
NC_004629.1	NC_004629.1_114		548	257586	1
NC_004629.1	NC_004629.1_115		372	257586	1
NC_004629.1	NC_004629.1_116		817	257586	1
NC_004629.1	NC_004629.1_117		543	257586	1
NC_004629.1	NC_004629.1_118		470	257586	1
NC_004629.1	NC_004629.1_119		194	257586	1
NC_004629.1	NC_004629.1_120		461	257586	1
NC_004629.1	NC_004629.1_121		141	257586	1
NC_004629.1	NC_004629.1_122		42	257586	1
NC_004629.1	NC_004629.1_123		131	257586	1
NC_004629.1	NC_004629.1_124		163	257586	1
NC_004629.1	NC_004629.1_125		149	257586	1
NC_004629.1	NC_004629.1_126		113	257586	1
NC_004629.1	NC_004629.1_127		54	257586	1
NC_004629.1	NC_004629.1_128		106	257586	1
NC_004629.1	NC_004629.1_129		100	257586	1
NC_004629.1	NC_004629.1_130		119	257586	1
NC_004629.1	NC_004629.1_131		141	257586	1
NC_004629.1	NC_004629.1_132		84	257586	1
NC_004629.1	NC_004629.1_133		128	257586	1
NC_004629.1	NC_004629.1_134		166	257586	1
NC_004629.1	NC_004629.1_135		92	257586	1
NC_004629.1	NC_004629.1_136		88	257586	1
NC_004629.1	NC_004629.1_137		95	257586	1
NC_004629.1	NC_004629.1_138		76	257586	1
NC_004629.1	NC_004629.1_139		54	257586	1
NC_004629.1	NC_004629.1_140		71	257586	1
NC_004629.1	NC_004629.1_141		48	257586	1
NC_004629.1	NC_004629.1_142		92	257586	1
NC_004629.1	NC_004629.1_143		102	257586	1
NC_004629.1	NC_004629.1_144		79	257586	1
NC_004629.1	NC_004629.1_145		123	257586	1
NC_004629.1	NC_004629.1_146		516	257586	1
NC_004629.1	NC_004629.1_147		178	257586	1
NC_004629.1	NC_004629.1_148		748	257586	1
NC_004629.1	NC_004629.1_149		151	257586	1
NC_004629.1	NC_004629.1_150		361	257586	1
NC_004629.1	NC_004629.1_151		544	257586	1
NC_004629.1	NC_004629.1_152		722	257586	1
NC_004629.1	NC_004629.1_153		211	257586	1
NC_004629.1	NC_004629.1_154		148	257586	1
NC_004629.1	NC_004629.1_155		291	257586	1
NC_004629.1	NC_004629.1_156		725	257586	1
NC_004629.1	NC_004629.1_157		897	257586	1
NC_004629.1	NC_004629.1_158		428	257586	1
NC_004629.1	NC_004629.1_159		772	257586	1
NC_004629.1	NC_004629.1_160		111	257586	1
NC_004629.1	NC_004629.1_161		463	257586	1
NC_004629.1	NC_004629.1_162		458	257586	1
NC_004629.1	NC_004629.1_163		464	257586	1
NC_004629.1	NC_004629.1_164		201	257586	1
NC_004629.1	NC_004629.1_165		161	257586	1
NC_004629.1	NC_004629.1_166		163	257586	1
NC_004629.1	NC_004629.1_167		299	257586	1
NC_004629.1	NC_004629.1_168		188	257586	1
NC_004629.1	NC_004629.1_169		169	257586	1
NC_004629.1	NC_004629.1_170		96	257586	1
NC_004629.1	NC_004629.1_171		132	257586	1
NC_004629.1	NC_004629.1_172		178	257586	1
NC_004629.1	NC_004629.1_173		261	257586	1
NC_004629.1	NC_004629.1_174		790	257586	1
NC_004629.1	NC_004629.1_175		1094	257586	1
NC_004629.1	NC_004629.1_176		239	257586	1
NC_004629.1	NC_004629.1_177		169	257586	1
NC_004629.1	NC_004629.1_178		225	257586	1
NC_004629.1	NC_004629.1_179		107	257586	1
NC_004629.1	NC_004629.1_180		117	257586	1
NC_004629.1	NC_004629.1_181		480	257586	1
NC_004629.1	NC_004629.1_182		305	257586	1
NC_004629.1	NC_004629.1_183		105	257586	1
NC_004629.1	NC_004629.1_184		483	257586	1
NC_004629.1	NC_004629.1_185		134	257586	1
NC_004629.1	NC_004629.1_186		97	257586	1
NC_004629.1	NC_004629.1_187		446	257586	1
NC_004629.1	NC_004629.1_188		317	257586	1
NC_004629.1	NC_004629.1_189		135	257586	1
NC_004629.1	NC_004629.1_190		158	257586	1
NC_004629.1	NC_004629.1_191		212	257586	1
NC_004629.1	NC_004629.1_192		523	257586	1
NC_004629.1	NC_004629.1_193		396	257586	1
NC_004629.1	NC_004629.1_194		89	257586	1
NC_004629.1	NC_004629.1_195		294	257586	1
NC_004629.1	NC_004629.1_196		831	257586	1
NC_004629.1	NC_004629.1_197		59	257586	1
NC_004629.1	NC_004629.1_198		132	257586	1
NC_004629.1	NC_004629.1_199		69	257586	1
NC_004629.1	NC_004629.1_200		143	257586	1
NC_004629.1	NC_004629.1_201		219	257586	1
NC_004629.1	NC_004629.1_202		172	257586	1
NC_004629.1	NC_004629.1_203		175	257586	1
NC_004629.1	NC_004629.1_204		254	257586	1
NC_004629.1	NC_004629.1_205		147	257586	1
NC_004629.1	NC_004629.1_206		309	257586	1
NC_004629.1	NC_004629.1_207		355	257586	1
NC_004629.1	NC_004629.1_208		271	257586	1
NC_004629.1	NC_004629.1_209		241	257586	1
NC_004629.1	NC_004629.1_210		520	257586	1
NC_004629.1	NC_004629.1_211		66	257586	1
NC_004629.1	NC_004629.1_212		1452	257586	1
NC_004629.1	NC_004629.1_213		358	257586	1
NC_004629.1	NC_004629.1_214		491	257586	1
NC_004629.1	NC_004629.1_215		2238	257586	1
NC_004629.1	NC_004629.1_216		665	257586	1
NC_004629.1	NC_004629.1_217		102	257586	1
NC_004629.1	NC_004629.1_218		231	257586	1
NC_004629.1	NC_004629.1_219		185	257586	1
NC_004629.1	NC_004629.1_220		81	257586	1
NC_004629.1	NC_004629.1_221		135	257586	1
NC_004629.1	NC_004629.1_222		110	257586	1
NC_004629.1	NC_004629.1_223		353	257586	1
NC_004629.1	NC_004629.1_224		84	257586	1
NC_004629.1	NC_004629.1_225		147	257586	1
NC_004629.1	NC_004629.1_226		264	257586	1
NC_004629.1	NC_004629.1_227		242	257586	1
NC_004629.1	NC_004629.1_228		121	257586	1
NC_004629.1	NC_004629.1_229		119	257586	1
NC_004629.1	NC_004629.1_230		125	257586	1
NC_004629.1	NC_004629.1_231		121	257586	1
NC_004629.1	NC_004629.1_232		121	257586	1
NC_004629.1	NC_004629.1_233		163	257586	1
NC_004629.1	NC_004629.1_234		144	257586	1
NC_004629.1	NC_004629.1_235		220	257586	1
NC_004629.1	NC_004629.1_236		650	257586	1
NC_004629.1	NC_004629.1_237		157	257586	1
NC_004629.1	NC_004629.1_238		696	257586	1
NC_004629.1	NC_004629.1_239		132	257586	1
NC_004629.1	NC_004629.1_240		59	257586	1
NC_004629.1	NC_004629.1_241		134	257586	1
NC_004629.1	NC_004629.1_242		237	257586	1
NC_004629.1	NC_004629.1_243		218	257586	1
NC_004629.1	NC_004629.1_244		367	257586	1
NC_004629.1	NC_004629.1_245		201	257586	1
NC_004629.1	NC_004629.1_246		111	257586	1
NC_004629.1	NC_004629.1_247		86	257586	1
NC_004629.1	NC_004629.1_248		140	257586	1
NC_004629.1	NC_004629.1_249		115	257586	1
NC_004629.1	NC_004629.1_250		180	257586	1
NC_004629.1	NC_004629.1_251		190	257586	1
NC_004629.1	NC_004629.1_252		79	257586	1
NC_004629.1	NC_004629.1_253		159	257586	1
NC_004629.1	NC_004629.1_254		64	257586	1
NC_004629.1	NC_004629.1_255		72	257586	1
NC_004629.1	NC_004629.1_256		100	257586	1
NC_004629.1	NC_004629.1_257		378	257586	1
NC_004629.1	NC_004629.1_258		157	257586	1
NC_004629.1	NC_004629.1_259		116	257586	1
NC_004629.1	NC_004629.1_260		111	257586	1
NC_004629.1	NC_004629.1_261		133	257586	1
NC_004629.1	NC_004629.1_262		138	257586	1
NC_004629.1	NC_004629.1_263		100	257586	1
NC_004629.1	NC_004629.1_264		110	257586	1
NC_004629.1	NC_004629.1_265		172	257586	1
NC_004629.1	NC_004629.1_266		200	257586	1
NC_004629.1	NC_004629.1_267		122	257586	1
NC_004629.1	NC_004629.1_268		99	257586	1
NC_004629.1	NC_004629.1_269		97	257586	1
NC_004629.1	NC_004629.1_270		58	257586	1
NC_004629.1	NC_004629.1_271		156	257586	1
NC_004629.1	NC_004629.1_272		303	257586	1
NC_004629.1	NC_004629.1_273		55	257586	1
NC_004629.1	NC_004629.1_274		236	257586	1
NC_004629.1	NC_004629.1_275		98	257586	1
NC_004629.1	NC_004629.1_276		67	257586	1
NC_004629.1	NC_004629.1_277		489	257586	1
NC_004629.1	NC_004629.1_278		136	257586	1
NC_004629.1	NC_004629.1_279		278	257586	1
NC_004629.1	NC_004629.1_280		167	257586	1
NC_004629.1	NC_004629.1_281		44	257586	1
NC_004629.1	NC_004629.1_282		98	257586	1
NC_004629.1	NC_004629.1_283		41	257586	1
NC_004629.1	NC_004629.1_284		139	257586	1
NC_004629.1	NC_004629.1_285		161	257586	1
NC_004629.1	NC_004629.1_286		110	257586	1
NC_004629.1	NC_004629.1_287		146	257586	1
NC_004629.1	NC_004629.1_288		299	257586	1
NC_004629.1	NC_004629.1_289		119	257586	1
NC_004629.1	NC_004629.1_290		145	257586	1
NC_004629.1	NC_004629.1_291		219	257586	1
NC_004629.1	NC_004629.1_292		88	257586	1
NC_004629.1	NC_004629.1_293		136	257586	1
NC_004629.1	NC_004629.1_294		120	257586	1
NC_004629.1	NC_004629.1_295		265	257586	1
NC_004629.1	NC_004629.1_296		128	257586	1
NC_004629.1	NC_004629.1_297		152	257586	1
NC_004629.1	NC_004629.1_298		126	257586	1
NC_004629.1	NC_004629.1_299		80	257586	1
NC_004629.1	NC_004629.1_300		36	257586	1
NC_004629.1	NC_004629.1_301		125	257586	1
NC_004629.1	NC_004629.1_302		152	257586	1
NC_004629.1	NC_004629.1_303		77	257586	1
NC_004629.1	NC_004629.1_304		229	257586	1
NC_004629.1	NC_004629.1_305		125	257586	1
NC_004629.1	NC_004629.1_306		145	257586	1
NC_004629.1	NC_004629.1_307		120	257586	1
NC_004629.1	NC_004629.1_308		115	257586	1
NC_004629.1	NC_004629.1_309		141	257586	1
NC_004629.1	NC_004629.1_310		78	257586	1
NC_004629.1	NC_004629.1_311		93	257586	1
NC_004629.1	NC_004629.1_312		140	257586	1
NC_004629.1	NC_004629.1_313		99	257586	1
NC_004629.1	NC_004629.1_314		146	257586	1
NC_004629.1	NC_004629.1_315		144	257586	1
NC_004629.1	NC_004629.1_316		101	257586	1
NC_004629.1	NC_004629.1_317		51	257586	1
NC_004629.1	NC_004629.1_318		51	257586	1
NC_004629.1	NC_004629.1_319		101	257586	1
NC_004629.1	NC_004629.1_320		71	257586	1
NC_004629.1	NC_004629.1_321		126	257586	1
NC_004629.1	NC_004629.1_322		122	257586	1
NC_004629.1	NC_004629.1_323		112	257586	1
NC_004629.1	NC_004629.1_324		229	257586	1
NC_004629.1	NC_004629.1_325		80	257586	1
NC_004629.1	NC_004629.1_326		120	257586	1
NC_004629.1	NC_004629.1_327		174	257586	1
NC_004629.1	NC_004629.1_328		100	257586	1
NC_004629.1	NC_004629.1_329		147	257586	1
NC_004629.1	NC_004629.1_330		171	257586	1
NC_004629.1	NC_004629.1_331		120	257586	1
NC_004629.1	NC_004629.1_332		119	257586	1
NC_004629.1	NC_004629.1_333		172	257586	1
NC_004629.1	NC_004629.1_334		155	257586	1
NC_004629.1	NC_004629.1_335		118	257586	1
NC_004629.1	NC_004629.1_336		279	257586	1
NC_004629.1	NC_004629.1_337		262	257586	1
NC_004629.1	NC_004629.1_338		509	257586	1
NC_004629.1	NC_004629.1_339		63	257586	1
NC_004629.1	NC_004629.1_340		218	257586	1
NC_004629.1	NC_004629.1_341		138	257586	1
NC_004629.1	NC_004629.1_342		127	257586	1
NC_004629.1	NC_004629.1_343		244	257586	1
NC_004629.1	NC_004629.1_344		167	257586	1
NC_004629.1	NC_004629.1_345		50	257586	1
NC_004629.1	NC_004629.1_346		227	257586	1
NC_004629.1	NC_004629.1_347		130	257586	1
NC_004629.1	NC_004629.1_348		137	257586	1
NC_004629.1	NC_004629.1_349		59	257586	1
NC_004629.1	NC_004629.1_350		46	257586	1
NC_004629.1	NC_004629.1_351		210	257586	1
NC_004629.1	NC_004629.1_352		32	257586	1
NC_004629.1	NC_004629.1_353		97	257586	1
NC_004629.1	NC_004629.1_354		62	257586	1
NC_004629.1	NC_004629.1_355		161	257586	1
NC_004629.1	NC_004629.1_356		171	257586	1
NC_004629.1	NC_004629.1_357		336	257586	1
NC_004629.1	NC_004629.1_358		116	257586	1
NC_004629.1	NC_004629.1_359		96	257586	1
NC_004629.1	NC_004629.1_360		74	257586	1
NC_004629.1	NC_004629.1_361		98	257586	1
NC_004629.1	NC_004629.1_362		151	257586	1
NC_004629.1	NC_004629.1_363		647	257586	1
NC_004629.1	NC_004629.1_364		138	257586	1
NC_004629.1	NC_004629.1_365		388	257586	1
NC_004629.1	NC_004629.1_366		763	257586	1
NC_001422.1	NC_001422.1_1		45	5175	1
NC_001422.1	NC_001422.1_2		87	5175	1
NC_001422.1	NC_001422.1_3		153	5175	1
NC_001422.1	NC_001422.1_4		39	5175	1
NC_001422.1	NC_001422.1_5		428	5175	1
NC_001422.1	NC_001422.1_6		176	5175	1
NC_001422.1	NC_001422.1_7		329	5175	1
NC_001422.1	NC_001422.1_8		468	5175	1
NC_001419.1	NC_001419.1_1		277	5661	1
NC_001419.1	NC_001419.1_2		88	5661	1
NC_001419.1	NC_001419.1_3		74	5661	1
NC_001419.1	NC_001419.1_4		425	5661	1
NC_001419.1	NC_001419.1_5		113	5661	1
NC_001419.1	NC_001419.1_6		349	5661	1
NC_001419.1	NC_001419.1_7		427	5661	1
NC_001419.1	NC_001419.1_8		134	5661	1
NC_004831.1	NC_004831.1_1		58	39972	1
NC_004831.1	NC_004831.1_2		34	39972	1
NC_004831.1	NC_004831.1_3		60	39972	1
NC_004831.1	NC_004831.1_4		70	39972	1
NC_004831.1	NC_004831.1_5		120	39972	1
NC_004831.1	NC_004831.1_6		39	39972	1
NC_004831.1	NC_004831.1_7		64	39972	1
NC_004831.1	NC_004831.1_8		295	39972	1
NC_004831.1	NC_004831.1_9		875	39972	1
NC_004831.1	NC_004831.1_10		43	39972	1
NC_004831.1	NC_004831.1_11		662	39972	1
NC_004831.1	NC_004831.1_12		204	39972	1
NC_004831.1	NC_004831.1_13		57	39972	1
NC_004831.1	NC_004831.1_14		54	39972	1
NC_004831.1	NC_004831.1_15		850	39972	1
NC_004831.1	NC_004831.1_16		33	39972	1
NC_004831.1	NC_004831.1_17		126	39972	1
NC_004831.1	NC_004831.1_18		269	39972	1
NC_004831.1	NC_004831.1_19		73	39972	1
NC_004831.1	NC_004831.1_20		123	39972	1
NC_004831.1	NC_004831.1_21		343	39972	1
NC_004831.1	NC_004831.1_22		137	39972	1
NC_004831.1	NC_004831.1_23		336	39972	1
NC_004831.1	NC_004831.1_24		157	39972	1
NC_004831.1	NC_004831.1_25		316	39972	1
NC_004831.1	NC_004831.1_26		65	39972	1
NC_004831.1	NC_004831.1_27		58	39972	1
NC_004831.1	NC_004831.1_28		154	39972	1
NC_004831.1	NC_004831.1_29		70	39972	1
NC_004831.1	NC_004831.1_30		516	39972	1
NC_004831.1	NC_004831.1_31		301	39972	1
NC_004831.1	NC_004831.1_32		402	39972	1
NC_004831.1	NC_004831.1_33		247	39972	1
NC_004831.1	NC_004831.1_34		804	39972	1
NC_004831.1	NC_004831.1_35		240	39972	1
NC_004831.1	NC_004831.1_36		979	39972	1
NC_004831.1	NC_004831.1_37		1271	39972	1
NC_004831.1	NC_004831.1_38		320	39972	1
NC_004831.1	NC_004831.1_39		66	39972	1
NC_004831.1	NC_004831.1_40		100	39972	1
NC_004831.1	NC_004831.1_41		632	39972	1
NC_004831.1	NC_004831.1_42		100	39972	1
NC_004831.1	NC_004831.1_43		100	39972	1
NC_004831.1	NC_004831.1_44		82	39972	1
NC_004831.1	NC_004831.1_45		78	39972	1
NC_004831.1	NC_004831.1_46		117	39972	1
NC_004831.1	NC_004831.1_47		50	39972	1
NC_004831.1	NC_004831.1_48		70	39972	1
NC_004831.1	NC_004831.1_49		551	39972	1
NC_004831.1	NC_004831.1_50		505	39972	1
NC_004831.1	NC_004831.1_51		48	39972	1
NC_005833.1	NC_005833.1_1		192	44523	1
NC_005833.1	NC_005833.1_2		109	44523	1
NC_005833.1	NC_005833.1_3		77	44523	1
NC_005833.1	NC_005833.1_4		76	44523	1
NC_005833.1	NC_005833.1_5		58	44523	1
NC_005833.1	NC_005833.1_6		163	44523	1
NC_005833.1	NC_005833.1_7		162	44523	1
NC_005833.1	NC_005833.1_8		50	44523	1
NC_005833.1	NC_005833.1_9		125	44523	1
NC_005833.1	NC_005833.1_10		73	44523	1
NC_005833.1	NC_005833.1_11		149	44523	1
NC_005833.1	NC_005833.1_12		177	44523	1
NC_005833.1	NC_005833.1_13		165	44523	1
NC_005833.1	NC_005833.1_14		191	44523	1
NC_005833.1	NC_005833.1_15		70	44523	1
NC_005833.1	NC_005833.1_16		115	44523	1
NC_005833.1	NC_005833.1_17		77	44523	1
NC_005833.1	NC_005833.1_18		68	44523	1
NC_005833.1	NC_005833.1_19		54	44523	1
NC_005833.1	NC_005833.1_20		62	44523	1
NC_005833.1	NC_005833.1_21		76	44523	1
NC_005833.1	NC_005833.1_22		175	44523	1
NC_005833.1	NC_005833.1_23		523	44523	1
NC_005833.1	NC_005833.1_24		428	44523	1
NC_005833.1	NC_005833.1_25		254	44523	1
NC_005833.1	NC_005833.1_26		371	44523	1
NC_005833.1	NC_005833.1_27		159	44523	1
NC_005833.1	NC_005833.1_28		256	44523	1
NC_005833.1	NC_005833.1_29		320	44523	1
NC_005833.1	NC_005833.1_30		96	44523	1
NC_005833.1	NC_005833.1_31		137	44523	1
NC_005833.1	NC_005833.1_32		124	44523	1
NC_005833.1	NC_005833.1_33		148	44523	1
NC_005833.1	NC_005833.1_34		133	44523	1
NC_005833.1	NC_005833.1_35		223	44523	1
NC_005833.1	NC_005833.1_36		106	44523	1
NC_005833.1	NC_005833.1_37		66	44523	1
NC_005833.1	NC_005833.1_38		958	44523	1
NC_005833.1	NC_005833.1_39		118	44523	1
NC_005833.1	NC_005833.1_40		261	44523	1
NC_005833.1	NC_005833.1_41		245	44523	1
NC_005833.1	NC_005833.1_42		200	44523	1
NC_005833.1	NC_005833.1_43		1173	44523	1
NC_005833.1	NC_005833.1_44		102	44523	1
NC_005833.1	NC_005833.1_45		230	44523	1
NC_005833.1	NC_005833.1_46		76	44523	1
NC_005833.1	NC_005833.1_47		355	44523	1
NC_005833.1	NC_005833.1_48		227	44523	1
NC_005833.1	NC_005833.1_49		141	44523	1
NC_005833.1	NC_005833.1_50		729	44523	1
NC_005833.1	NC_005833.1_51		312	44523	1
NC_005833.1	NC_005833.1_52		151	44523	1
NC_005833.1	NC_005833.1_53		673	44523	1
NC_005833.1	NC_005833.1_54		139	44523	1
NC_005833.1	NC_005833.1_55		238	44523	1
NC_005833.1	NC_005833.1_56		84	44523	1
NC_005833.1	NC_005833.1_57		70	44523	1
NC_005833.1	NC_005833.1_58		91	44523	1
NC_005833.1	NC_005833.1_59		96	44523	1
NC_005833.1	NC_005833.1_60		378	44523	1
NC_005833.1	NC_005833.1_61		161	44523	1
NC_005833.1	NC_005833.1_62		59	44523	1
NC_005833.1	NC_005833.1_63		163	44523	1
NC_005833.1	NC_005833.1_64		134	44523	1
NC_005833.1	NC_005833.1_65		136	44523	1
NC_005833.1	NC_005833.1_66		523	44523	1
NC_005833.1	NC_005833.1_67		180	44523	1
NC_005833.1	NC_005833.1_68		139	44523	1
NC_005833.1	NC_005833.1_69		70	44523	1
NC_005833.1	NC_005833.1_70		75	44523	1
NC_005833.1	NC_005833.1_71		48	44523	1
NC_005833.1	NC_005833.1_72		107	44523	1
NC_005833.1	NC_005833.1_73		67	44523	1
NC_005833.1	NC_005833.1_74		124	44523	1
NC_003287.1	NC_003287.1_1		277	5661	1
NC_003287.1	NC_003287.1_2		88	5661	1
NC_003287.1	NC_003287.1_3		74	5661	1
NC_003287.1	NC_003287.1_4		425	5661	1
NC_003287.1	NC_003287.1_5		113	5661	1
NC_003287.1	NC_003287.1_6		349	5661	1
NC_003287.1	NC_003287.1_7		427	5661	1
NC_003287.1	NC_003287.1_8		134	5661	1
NC_003298.1	NC_003298.1_1		153	34419	1
NC_003298.1	NC_003298.1_2		66	34419	1
NC_003298.1	NC_003298.1_3		370	34419	1
NC_003298.1	NC_003298.1_4		885	34419	1
NC_003298.1	NC_003298.1_5		91	34419	1
NC_003298.1	NC_003298.1_6		47	34419	1
NC_003298.1	NC_003298.1_7		93	34419	1
NC_003298.1	NC_003298.1_8		347	34419	1
NC_003298.1	NC_003298.1_9		86	34419	1
NC_003298.1	NC_003298.1_10		164	34419	1
NC_003298.1	NC_003298.1_11		44	34419	1
NC_003298.1	NC_003298.1_12		55	34419	1
NC_003298.1	NC_003298.1_13		233	34419	1
NC_003298.1	NC_003298.1_14		153	34419	1
NC_003298.1	NC_003298.1_15		152	34419	1
NC_003298.1	NC_003298.1_16		36	34419	1
NC_003298.1	NC_003298.1_17		567	34419	1
NC_003298.1	NC_003298.1_18		71	34419	1
NC_003298.1	NC_003298.1_19		95	34419	1
NC_003298.1	NC_003298.1_20		705	34419	1
NC_003298.1	NC_003298.1_21		102	34419	1
NC_003298.1	NC_003298.1_22		99	34419	1
NC_003298.1	NC_003298.1_23		70	34419	1
NC_003298.1	NC_003298.1_24		53	34419	1
NC_003298.1	NC_003298.1_25		303	34419	1
NC_003298.1	NC_003298.1_26		38	34419	1
NC_003298.1	NC_003298.1_27		82	34419	1
NC_003298.1	NC_003298.1_28		84	34419	1
NC_003298.1	NC_003298.1_29		107	34419	1
NC_003298.1	NC_003298.1_30		536	34419	1
NC_003298.1	NC_003298.1_31		311	34419	1
NC_003298.1	NC_003298.1_32		348	34419	1
NC_003298.1	NC_003298.1_33		73	34419	1
NC_003298.1	NC_003298.1_34		197	34419	1
NC_003298.1	NC_003298.1_35		802	34419	1
NC_003298.1	NC_003298.1_36		137	34419	1
NC_003298.1	NC_003298.1_37		198	34419	1
NC_003298.1	NC_003298.1_38		749	34419	1
NC_003298.1	NC_003298.1_39		1319	34419	1
NC_003298.1	NC_003298.1_40		559	34419	1
NC_003298.1	NC_003298.1_41		68	34419	1
NC_003298.1	NC_003298.1_42		90	34419	1
NC_003298.1	NC_003298.1_43		148	34419	1
NC_003298.1	NC_003298.1_44		587	34419	1
NC_000866.4	NC_000866.4_1		726	157368	1
NC_000866.4	NC_000866.4_2		68	157368	1
NC_000866.4	NC_000866.4_3		98	157368	1
NC_000866.4	NC_000866.4_4		47	157368	1
NC_000866.4	NC_000866.4_5		127	157368	1
NC_000866.4	NC_000866.4_6		517	157368	1
NC_000866.4	NC_000866.4_7		66	157368	1
NC_000866.4	NC_000866.4_8		46	157368	1
NC_000866.4	NC_000866.4_9		142	157368	1
NC_000866.4	NC_000866.4_10		72	157368	1
NC_000866.4	NC_000866.4_11		163	157368	1
NC_000866.4	NC_000866.4_12		120	157368	1
NC_000866.4	NC_000866.4_13		167	157368	1
NC_000866.4	NC_000866.4_14		228	157368	1
NC_000866.4	NC_000866.4_15		81	157368	1
NC_000866.4	NC_000866.4_16		82	157368	1
NC_000866.4	NC_000866.4_17		440	157368	1
NC_000866.4	NC_000866.4_18		104	157368	1
NC_000866.4	NC_000866.4_19		249	157368	1
NC_000866.4	NC_000866.4_20		201	157368	1
NC_000866.4	NC_000866.4_21		208	157368	1
NC_000866.4	NC_000866.4_22		61	157368	1
NC_000866.4	NC_000866.4_23		157	157368	1
NC_000866.4	NC_000866.4_24		55	157368	1
NC_000866.4	NC_000866.4_25		68	157368	1
NC_000866.4	NC_000866.4_26		162	157368	1
NC_000866.4	NC_000866.4_27		114	157368	1
NC_000866.4	NC_000866.4_28		69	157368	1
NC_000866.4	NC_000866.4_29		81	157368	1
NC_000866.4	NC_000866.4_30		225	157368	1
NC_000866.4	NC_000866.4_31		172	157368	1
NC_000866.4	NC_000866.4_32		260	157368	1
NC_000866.4	NC_000866.4_33		67	157368	1
NC_000866.4	NC_000866.4_34		343	157368	1
NC_000866.4	NC_000866.4_35		55	157368	1
NC_000866.4	NC_000866.4_36		209	157368	1
NC_000866.4	NC_000866.4_37		98	157368	1
NC_000866.4	NC_000866.4_38		86	157368	1
NC_000866.4	NC_000866.4_39		61	157368	1
NC_000866.4	NC_000866.4_40		476	157368	1
NC_000866.4	NC_000866.4_41		115	157368	1
NC_000866.4	NC_000866.4_42		392	157368	1
NC_000866.4	NC_000866.4_43		222	157368	1
NC_000866.4	NC_000866.4_44		352	157368	1
NC_000866.4	NC_000866.4_45		247	157368	1
NC_000866.4	NC_000866.4_46		84	157368	1
NC_000866.4	NC_000866.4_47		126	157368	1
NC_000866.4	NC_000866.4_48		899	157368	1
NC_000866.4	NC_000866.4_49		123	157368	1
NC_000866.4	NC_000866.4_50		188	157368	1
NC_000866.4	NC_000866.4_51		320	157368	1
NC_000866.4	NC_000866.4_52		229	157368	1
NC_000866.4	NC_000866.4_53		130	157368	1
NC_000866.4	NC_000866.4_54		63	157368	1
NC_000866.4	NC_000866.4_55		561	157368	1
NC_000866.4	NC_000866.4_56		69	157368	1
NC_000866.4	NC_000866.4_57		88	157368	1
NC_000866.4	NC_000866.4_58		340	157368	1
NC_000866.4	NC_000866.4_59		401	157368	1
NC_000866.4	NC_000866.4_60		265	157368	1
NC_000866.4	NC_000866.4_61		64	157368	1
NC_000866.4	NC_000866.4_62		68	157368	1
NC_000866.4	NC_000866.4_63		106	157368	1
NC_000866.4	NC_000866.4_64		73	157368	1
NC_000866.4	NC_000866.4_65		186	157368	1
NC_000866.4	NC_000866.4_66		88	157368	1
NC_000866.4	NC_000866.4_67		109	157368	1
NC_000866.4	NC_000866.4_68		80	157368	1
NC_000866.4	NC_000866.4_69		44	157368	1
NC_000866.4	NC_000866.4_70		98	157368	1
NC_000866.4	NC_000866.4_71		61	157368	1
NC_000866.4	NC_000866.4_72		103	157368	1
NC_000866.4	NC_000866.4_73		71	157368	1
NC_000866.4	NC_000866.4_74		157	157368	1
NC_000866.4	NC_000866.4_75		211	157368	1
NC_000866.4	NC_000866.4_76		398	157368	1
NC_000866.4	NC_000866.4_77		259	157368	1
NC_000866.4	NC_000866.4_78		182	157368	1
NC_000866.4	NC_000866.4_79		158	157368	1
NC_000866.4	NC_000866.4_80		162	157368	1
NC_000866.4	NC_000866.4_81		107	157368	1
NC_000866.4	NC_000866.4_82		103	157368	1
NC_000866.4	NC_000866.4_83		88	157368	1
NC_000866.4	NC_000866.4_84		81	157368	1
NC_000866.4	NC_000866.4_85		105	157368	1
NC_000866.4	NC_000866.4_86		309	157368	1
NC_000866.4	NC_000866.4_87		344	157368	1
NC_000866.4	NC_000866.4_88		341	157368	1
NC_000866.4	NC_000866.4_89		276	157368	1
NC_000866.4	NC_000866.4_90		134	157368	1
NC_000866.4	NC_000866.4_91		176	157368	1
NC_000866.4	NC_000866.4_92		101	157368	1
NC_000866.4	NC_000866.4_93		326	157368	1
NC_000866.4	NC_000866.4_94		337	157368	1
NC_000866.4	NC_000866.4_95		260	157368	1
NC_000866.4	NC_000866.4_96		182	157368	1
NC_000866.4	NC_000866.4_97		39	157368	1
NC_000866.4	NC_000866.4_98		65	157368	1
NC_000866.4	NC_000866.4_99		61	157368	1
NC_000866.4	NC_000866.4_100		63	157368	1
NC_000866.4	NC_000866.4_101		129	157368	1
NC_000866.4	NC_000866.4_102		98	157368	1
NC_000866.4	NC_000866.4_103		71	157368	1
NC_000866.4	NC_000866.4_104		194	157368	1
NC_000866.4	NC_000866.4_105		63	157368	1
NC_000866.4	NC_000866.4_106		62	157368	1
NC_000866.4	NC_000866.4_107		71	157368	1
NC_000866.4	NC_000866.4_108		156	157368	1
NC_000866.4	NC_000866.4_109		116	157368	1
NC_000866.4	NC_000866.4_110		182	157368	1
NC_000866.4	NC_000866.4_111		154	157368	1
NC_000866.4	NC_000866.4_112		93	157368	1
NC_000866.4	NC_000866.4_113		89	157368	1
NC_000866.4	NC_000866.4_114		59	157368	1
NC_000866.4	NC_000866.4_115		121	157368	1
NC_000866.4	NC_000866.4_116		110	157368	1
NC_000866.4	NC_000866.4_117		195	157368	1
NC_000866.4	NC_000866.4_118		139	157368	1
NC_000866.4	NC_000866.4_119		101	157368	1
NC_000866.4	NC_000866.4_120		194	157368	1
NC_000866.4	NC_000866.4_121		165	157368	1
NC_000866.4	NC_000866.4_122		147	157368	1
NC_000866.4	NC_000866.4_123		103	157368	1
NC_000866.4	NC_000866.4_124		121	157368	1
NC_000866.4	NC_000866.4_125		131	157368	1
NC_000866.4	NC_000866.4_126		203	157368	1
NC_000866.4	NC_000866.4_127		198	157368	1
NC_000866.4	NC_000866.4_128		112	157368	1
NC_000866.4	NC_000866.4_129		88	157368	1
NC_000866.4	NC_000866.4_130		222	157368	1
NC_000866.4	NC_000866.4_131		96	157368	1
NC_000866.4	NC_000866.4_132		137	157368	1
NC_000866.4	NC_000866.4_133		62	157368	1
NC_000866.4	NC_000866.4_134		96	157368	1
NC_000866.4	NC_000866.4_135		153	157368	1
NC_000866.4	NC_000866.4_136		81	157368	1
NC_000866.4	NC_000866.4_137		242	157368	1
NC_000866.4	NC_000866.4_138		177	157368	1
NC_000866.4	NC_000866.4_139		275	157368	1
NC_000866.4	NC_000866.4_140		151	157368	1
NC_000866.4	NC_000866.4_141		197	157368	1
NC_000866.4	NC_000866.4_142		576	157368	1
NC_000866.4	NC_000866.4_143		165	157368	1
NC_000866.4	NC_000866.4_144		141	157368	1
NC_000866.4	NC_000866.4_145		98	157368	1
NC_000866.4	NC_000866.4_146		661	157368	1
NC_000866.4	NC_000866.4_147		1033	157368	1
NC_000866.4	NC_000866.4_148		335	157368	1
NC_000866.4	NC_000866.4_149		289	157368	1
NC_000866.4	NC_000866.4_150		603	157368	1
NC_000866.4	NC_000866.4_151		220	157368	1
NC_000866.4	NC_000866.4_152		528	157368	1
NC_000866.4	NC_000866.4_153		488	157368	1
NC_000866.4	NC_000866.4_154		310	157368	1
NC_000866.4	NC_000866.4_155		257	157368	1
NC_000866.4	NC_000866.4_156		273	157368	1
NC_000866.4	NC_000866.4_157		165	157368	1
NC_000866.4	NC_000866.4_158		611	157368	1
NC_000866.4	NC_000866.4_159		660	157368	1
NC_000866.4	NC_000866.4_160		164	157368	1
NC_000866.4	NC_000866.4_161		525	157368	1
NC_000866.4	NC_000866.4_162		81	157368	1
NC_000866.4	NC_000866.4_163		142	157368	1
NC_000866.4	NC_000866.4_164		213	157368	1
NC_000866.4	NC_000866.4_165		270	157368	1
NC_000866.4	NC_000866.4_166		522	157368	1
NC_000866.4	NC_000866.4_167		221	157368	1
NC_000866.4	NC_000866.4_168		428	157368	1
NC_000866.4	NC_000866.4_169		335	157368	1
NC_000866.4	NC_000866.4_170		93	157368	1
NC_000866.4	NC_000866.4_171		57	157368	1
NC_000866.4	NC_000866.4_172		377	157368	1
NC_000866.4	NC_000866.4_173		227	157368	1
NC_000866.4	NC_000866.4_174		206	157368	1
NC_000866.4	NC_000866.4_175		588	157368	1
NC_000866.4	NC_000866.4_176		56	157368	1
NC_000866.4	NC_000866.4_177		75	157368	1
NC_000866.4	NC_000866.4_178		138	157368	1
NC_000866.4	NC_000866.4_179		133	157368	1
NC_000866.4	NC_000866.4_180		209	157368	1
NC_000866.4	NC_000866.4_181		250	157368	1
NC_000866.4	NC_000866.4_182		392	157368	1
NC_000866.4	NC_000866.4_183		178	157368	1
NC_000866.4	NC_000866.4_184		591	157368	1
NC_000866.4	NC_000866.4_185		365	157368	1
NC_000866.4	NC_000866.4_186		321	157368	1
NC_000866.4	NC_000866.4_187		97	157368	1
NC_000866.4	NC_000866.4_188		68	157368	1
NC_000866.4	NC_000866.4_189		62	157368	1
NC_000866.4	NC_000866.4_190		683	157368	1
NC_000866.4	NC_000866.4_191		63	157368	1
NC_000866.4	NC_000866.4_192		488	157368	1
NC_000866.4	NC_000866.4_193		90	157368	1
NC_000866.4	NC_000866.4_194		279	157368	1
NC_000866.4	NC_000866.4_195		153	157368	1
NC_000866.4	NC_000866.4_196		69	157368	1
NC_000866.4	NC_000866.4_197		66	157368	1
NC_000866.4	NC_000866.4_198		96	157368	1
NC_000866.4	NC_000866.4_199		122	157368	1
NC_000866.4	NC_000866.4_200		111	157368	1
NC_000866.4	NC_000866.4_201		59	157368	1
NC_000866.4	NC_000866.4_202		83	157368	1
NC_000866.4	NC_000866.4_203		112	157368	1
NC_000866.4	NC_000866.4_204		103	157368	1
NC_000866.4	NC_000866.4_205		79	157368	1
NC_000866.4	NC_000866.4_206		194	157368	1
NC_000866.4	NC_000866.4_207		113	157368	1
NC_000866.4	NC_000866.4_208		77	157368	1
NC_000866.4	NC_000866.4_209		92	157368	1
NC_000866.4	NC_000866.4_210		67	157368	1
NC_000866.4	NC_000866.4_211		66	157368	1
NC_000866.4	NC_000866.4_212		302	157368	1
NC_000866.4	NC_000866.4_213		76	157368	1
NC_000866.4	NC_000866.4_214		100	157368	1
NC_000866.4	NC_000866.4_215		118	157368	1
NC_000866.4	NC_000866.4_216		169	157368	1
NC_000866.4	NC_000866.4_217		375	157368	1
NC_000866.4	NC_000866.4_218		137	157368	1
NC_000866.4	NC_000866.4_219		160	157368	1
NC_000866.4	NC_000866.4_220		98	157368	1
NC_000866.4	NC_000866.4_221		222	157368	1
NC_000866.4	NC_000866.4_222		84	157368	1
NC_000866.4	NC_000866.4_223		142	157368	1
NC_000866.4	NC_000866.4_224		755	157368	1
NC_000866.4	NC_000866.4_225		109	157368	1
NC_000866.4	NC_000866.4_226		88	157368	1
NC_000866.4	NC_000866.4_227		105	157368	1
NC_000866.4	NC_000866.4_228		246	157368	1
NC_000866.4	NC_000866.4_229		184	157368	1
NC_000866.4	NC_000866.4_230		194	157368	1
NC_000866.4	NC_000866.4_231		81	157368	1
NC_000866.4	NC_000866.4_232		129	157368	1
NC_000866.4	NC_000866.4_233		76	157368	1
NC_000866.4	NC_000866.4_234		302	157368	1
NC_000866.4	NC_000866.4_235		211	157368	1
NC_000866.4	NC_000866.4_236		218	157368	1
NC_000866.4	NC_000866.4_237		113	157368	1
NC_000866.4	NC_000866.4_238		90	157368	1
NC_000866.4	NC_000866.4_239		306	157368	1
NC_000866.4	NC_000866.4_240		1290	157368	1
NC_000866.4	NC_000866.4_241		373	157368	1
NC_000866.4	NC_000866.4_242		222	157368	1
NC_000866.4	NC_000866.4_243		1027	157368	1
NC_000866.4	NC_000866.4_244		184	157368	1
NC_000866.4	NC_000866.4_245		219	157368	1
NC_000866.4	NC_000866.4_246		91	157368	1
NC_000866.4	NC_000866.4_247		51	157368	1
NC_000866.4	NC_000866.4_248		93	157368	1
NC_000866.4	NC_000866.4_249		40	157368	1
NC_000866.4	NC_000866.4_250		99	157368	1
NC_000866.4	NC_000866.4_251		153	157368	1
NC_000866.4	NC_000866.4_252		69	157368	1
NC_000866.4	NC_000866.4_253		212	157368	1
NC_000866.4	NC_000866.4_254		50	157368	1
NC_000866.4	NC_000866.4_255		443	157368	1
NC_000866.4	NC_000866.4_256		52	157368	1
NC_000866.4	NC_000866.4_257		152	157368	1
NC_000866.4	NC_000866.4_258		72	157368	1
NC_000866.4	NC_000866.4_259		33	157368	1
NC_000866.4	NC_000866.4_260		186	157368	1
NC_000866.4	NC_000866.4_261		65	157368	1
NC_000866.4	NC_000866.4_262		313	157368	1
NC_005859.1	NC_005859.1_1		245	104481	1
NC_005859.1	NC_005859.1_2		132	104481	1
NC_005859.1	NC_005859.1_3		93	104481	1
NC_005859.1	NC_005859.1_4		557	104481	1
NC_005859.1	NC_005859.1_5		49	104481	1
NC_005859.1	NC_005859.1_6		66	104481	1
NC_005859.1	NC_005859.1_7		136	104481	1
NC_005859.1	NC_005859.1_8		84	104481	1
NC_005859.1	NC_005859.1_9		68	104481	1
NC_005859.1	NC_005859.1_10		173	104481	1
NC_005859.1	NC_005859.1_11		337	104481	1
NC_005859.1	NC_005859.1_12		77	104481	1
NC_005859.1	NC_005859.1_13		60	104481	1
NC_005859.1	NC_005859.1_14		71	104481	1
NC_005859.1	NC_005859.1_15		115	104481	1
NC_005859.1	NC_005859.1_16		32	104481	1
NC_005859.1	NC_005859.1_17		86	104481	1
NC_005859.1	NC_005859.1_18		68	104481	1
NC_005859.1	NC_005859.1_19		295	104481	1
NC_005859.1	NC_005859.1_20		203	104481	1
NC_005859.1	NC_005859.1_21		62	104481	1
NC_005859.1	NC_005859.1_22		78	104481	1
NC_005859.1	NC_005859.1_23		97	104481	1
NC_005859.1	NC_005859.1_24		163	104481	1
NC_005859.1	NC_005859.1_25		68	104481	1
NC_005859.1	NC_005859.1_26		124	104481	1
NC_005859.1	NC_005859.1_27		154	104481	1
NC_005859.1	NC_005859.1_28		67	104481	1
NC_005859.1	NC_005859.1_29		49	104481	1
NC_005859.1	NC_005859.1_30		109	104481	1
NC_005859.1	NC_005859.1_31		82	104481	1
NC_005859.1	NC_005859.1_32		94	104481	1
NC_005859.1	NC_005859.1_33		55	104481	1
NC_005859.1	NC_005859.1_34		84	104481	1
NC_005859.1	NC_005859.1_35		144	104481	1
NC_005859.1	NC_005859.1_36		41	104481	1
NC_005859.1	NC_005859.1_37		174	104481	1
NC_005859.1	NC_005859.1_38		288	104481	1
NC_005859.1	NC_005859.1_39		82	104481	1
NC_005859.1	NC_005859.1_40		97	104481	1
NC_005859.1	NC_005859.1_41		144	104481	1
NC_005859.1	NC_005859.1_42		139	104481	1
NC_005859.1	NC_005859.1_43		138	104481	1
NC_005859.1	NC_005859.1_44		228	104481	1
NC_005859.1	NC_005859.1_45		200	104481	1
NC_005859.1	NC_005859.1_46		251	104481	1
NC_005859.1	NC_005859.1_47		148	104481	1
NC_005859.1	NC_005859.1_48		166	104481	1
NC_005859.1	NC_005859.1_49		233	104481	1
NC_005859.1	NC_005859.1_50		115	104481	1
NC_005859.1	NC_005859.1_51		95	104481	1
NC_005859.1	NC_005859.1_52		110	104481	1
NC_005859.1	NC_005859.1_53		171	104481	1
NC_005859.1	NC_005859.1_54		100	104481	1
NC_005859.1	NC_005859.1_55		94	104481	1
NC_005859.1	NC_005859.1_56		116	104481	1
NC_005859.1	NC_005859.1_57		104	104481	1
NC_005859.1	NC_005859.1_58		123	104481	1
NC_005859.1	NC_005859.1_59		97	104481	1
NC_005859.1	NC_005859.1_60		55	104481	1
NC_005859.1	NC_005859.1_61		84	104481	1
NC_005859.1	NC_005859.1_62		194	104481	1
NC_005859.1	NC_005859.1_63		67	104481	1
NC_005859.1	NC_005859.1_64		58	104481	1
NC_005859.1	NC_005859.1_65		195	104481	1
NC_005859.1	NC_005859.1_66		56	104481	1
NC_005859.1	NC_005859.1_67		116	104481	1
NC_005859.1	NC_005859.1_68		62	104481	1
NC_005859.1	NC_005859.1_69		173	104481	1
NC_005859.1	NC_005859.1_70		43	104481	1
NC_005859.1	NC_005859.1_71		91	104481	1
NC_005859.1	NC_005859.1_72		92	104481	1
NC_005859.1	NC_005859.1_73		69	104481	1
NC_005859.1	NC_005859.1_74		56	104481	1
NC_005859.1	NC_005859.1_75		228	104481	1
NC_005859.1	NC_005859.1_76		173	104481	1
NC_005859.1	NC_005859.1_77		322	104481	1
NC_005859.1	NC_005859.1_78		139	104481	1
NC_005859.1	NC_005859.1_79		316	104481	1
NC_005859.1	NC_005859.1_80		145	104481	1
NC_005859.1	NC_005859.1_81		57	104481	1
NC_005859.1	NC_005859.1_82		150	104481	1
NC_005859.1	NC_005859.1_83		106	104481	1
NC_005859.1	NC_005859.1_84		213	104481	1
NC_005859.1	NC_005859.1_85		61	104481	1
NC_005859.1	NC_005859.1_86		234	104481	1
NC_005859.1	NC_005859.1_87		79	104481	1
NC_005859.1	NC_005859.1_88		172	104481	1
NC_005859.1	NC_005859.1_89		93	104481	1
NC_005859.1	NC_005859.1_90		159	104481	1
NC_005859.1	NC_005859.1_91		280	104481	1
NC_005859.1	NC_005859.1_92		178	104481	1
NC_005859.1	NC_005859.1_93		382	104481	1
NC_005859.1	NC_005859.1_94		175	104481	1
NC_005859.1	NC_005859.1_95		812	104481	1
NC_005859.1	NC_005859.1_96		53	104481	1
NC_005859.1	NC_005859.1_97		251	104481	1
NC_005859.1	NC_005859.1_98		575	104481	1
NC_005859.1	NC_005859.1_99		127	104481	1
NC_005859.1	NC_005859.1_100		78	104481	1
NC_005859.1	NC_005859.1_101		273	104481	1
NC_005859.1	NC_005859.1_102		62	104481	1
NC_005859.1	NC_005859.1_103		61	104481	1
NC_005859.1	NC_005859.1_104		169	104481	1
NC_005859.1	NC_005859.1_105		143	104481	1
NC_005859.1	NC_005859.1_106		131	104481	1
NC_005859.1	NC_005859.1_107		929	104481	1
NC_005859.1	NC_005859.1_108		173	104481	1
NC_005859.1	NC_005859.1_109		78	104481	1
NC_005859.1	NC_005859.1_110		235	104481	1
NC_005859.1	NC_005859.1_111		84	104481	1
NC_005859.1	NC_005859.1_112		137	104481	1
NC_005859.1	NC_005859.1_113		99	104481	1
NC_005859.1	NC_005859.1_114		103	104481	1
NC_005859.1	NC_005859.1_115		324	104481	1
NC_005859.1	NC_005859.1_116		260	104481	1
NC_005859.1	NC_005859.1_117		256	104481	1
NC_005859.1	NC_005859.1_118		503	104481	1
NC_005859.1	NC_005859.1_119		178	104481	1
NC_005859.1	NC_005859.1_120		297	104481	1
NC_005859.1	NC_005859.1_121		856	104481	1
NC_005859.1	NC_005859.1_122		166	104481	1
NC_005859.1	NC_005859.1_123		451	104481	1
NC_005859.1	NC_005859.1_124		95	104481	1
NC_005859.1	NC_005859.1_125		258	104481	1
NC_005859.1	NC_005859.1_126		326	104481	1
NC_005859.1	NC_005859.1_127		613	104481	1
NC_005859.1	NC_005859.1_128		161	104481	1
NC_005859.1	NC_005859.1_129		292	104481	1
NC_005859.1	NC_005859.1_130		149	104481	1
NC_005859.1	NC_005859.1_131		88	104481	1
NC_005859.1	NC_005859.1_132		1397	104481	1
NC_005859.1	NC_005859.1_133		88	104481	1
NC_005859.1	NC_005859.1_134		62	104481	1
NC_005859.1	NC_005859.1_135		689	104481	1
NC_005859.1	NC_005859.1_136		950	104481	1
NC_005859.1	NC_005859.1_137		205	104481	1
NC_005859.1	NC_005859.1_138		1220	104481	1
NC_005859.1	NC_005859.1_139		251	104481	1
NC_005859.1	NC_005859.1_140		123	104481	1
NC_005859.1	NC_005859.1_141		135	104481	1
NC_005859.1	NC_005859.1_142		299	104481	1
NC_005859.1	NC_005859.1_143		465	104481	1
NC_005859.1	NC_005859.1_144		162	104481	1
NC_005859.1	NC_005859.1_145		256	104481	1
NC_005859.1	NC_005859.1_146		171	104481	1
NC_005859.1	NC_005859.1_147		459	104481	1
NC_005859.1	NC_005859.1_148		211	104481	1
NC_005859.1	NC_005859.1_149		165	104481	1
NC_005859.1	NC_005859.1_150		404	104481	1
NC_005859.1	NC_005859.1_151		146	104481	1
NC_005859.1	NC_005859.1_152		225	104481	1
NC_005859.1	NC_005859.1_153		439	104481	1
NC_005859.1	NC_005859.1_154		161	104481	1
NC_005859.1	NC_005859.1_155		641	104481	1
NC_005859.1	NC_005859.1_156		78	104481	1
NC_005859.1	NC_005859.1_157		43	104481	1
NC_005859.1	NC_005859.1_158		36	104481	1
NC_005859.1	NC_005859.1_159		65	104481	1
NC_005859.1	NC_005859.1_160		82	104481	1
NC_005859.1	NC_005859.1_161		245	104481	1
NC_005859.1	NC_005859.1_162		132	104481	1
NC_005859.1	NC_005859.1_163		93	104481	1
NC_005859.1	NC_005859.1_164		557	104481	1
NC_005859.1	NC_005859.1_165		49	104481	1
NC_005859.1	NC_005859.1_166		66	104481	1
NC_005859.1	NC_005859.1_167		136	104481	1
NC_005859.1	NC_005859.1_168		84	104481	1
NC_005859.1	NC_005859.1_169		68	104481	1
NC_005859.1	NC_005859.1_170		173	104481	1
NC_005859.1	NC_005859.1_171		337	104481	1
NC_005859.1	NC_005859.1_172		77	104481	1
NC_005859.1	NC_005859.1_173		60	104481	1
NC_005859.1	NC_005859.1_174		71	104481	1
NC_005859.1	NC_005859.1_175		115	104481	1
NC_005859.1	NC_005859.1_176		32	104481	1
NC_005859.1	NC_005859.1_177		86	104481	1
NC_005859.1	NC_005859.1_178		68	104481	1
NC_001604.1	NC_001604.1_1		118	36255	1
NC_001604.1	NC_001604.1_2		52	36255	1
NC_001604.1	NC_001604.1_3		48	36255	1
NC_001604.1	NC_001604.1_4		54	36255	1
NC_001604.1	NC_001604.1_5		360	36255	1
NC_001604.1	NC_001604.1_6		884	36255	1
NC_001604.1	NC_001604.1_7		43	36255	1
NC_001604.1	NC_001604.1_8		86	36255	1
NC_001604.1	NC_001604.1_9		360	36255	1
NC_001604.1	NC_001604.1_10		52	36255	1
NC_001604.1	NC_001604.1_11		87	36255	1
NC_001604.1	NC_001604.1_12		197	36255	1
NC_001604.1	NC_001604.1_13		49	36255	1
NC_001604.1	NC_001604.1_14		65	36255	1
NC_001604.1	NC_001604.1_15		233	36255	1
NC_001604.1	NC_001604.1_16		140	36255	1
NC_001604.1	NC_001604.1_17		150	36255	1
NC_001604.1	NC_001604.1_18		152	36255	1
NC_001604.1	NC_001604.1_19		122	36255	1
NC_001604.1	NC_001604.1_20		567	36255	1
NC_001604.1	NC_001604.1_21		71	36255	1
NC_001604.1	NC_001604.1_22		90	36255	1
NC_001604.1	NC_001604.1_23		136	36255	1
NC_001604.1	NC_001604.1_24		705	36255	1
NC_001604.1	NC_001604.1_25		119	36255	1
NC_001604.1	NC_001604.1_26		100	36255	1
NC_001604.1	NC_001604.1_27		70	36255	1
NC_001604.1	NC_001604.1_28		53	36255	1
NC_001604.1	NC_001604.1_29		301	36255	1
NC_001604.1	NC_001604.1_30		85	36255	1
NC_001604.1	NC_001604.1_31		89	36255	1
NC_001604.1	NC_001604.1_32		134	36255	1
NC_001604.1	NC_001604.1_33		100	36255	1
NC_001604.1	NC_001604.1_34		131	36255	1
NC_001604.1	NC_001604.1_35		537	36255	1
NC_001604.1	NC_001604.1_36		308	36255	1
NC_001604.1	NC_001604.1_37		346	36255	1
NC_001604.1	NC_001604.1_38		53	36255	1
NC_001604.1	NC_001604.1_39		197	36255	1
NC_001604.1	NC_001604.1_40		795	36255	1
NC_001604.1	NC_001604.1_41		139	36255	1
NC_001604.1	NC_001604.1_42		197	36255	1
NC_001604.1	NC_001604.1_43		748	36255	1
NC_001604.1	NC_001604.1_44		1319	36255	1
NC_001604.1	NC_001604.1_45		554	36255	1
NC_001604.1	NC_001604.1_46		68	36255	1
NC_001604.1	NC_001604.1_47		90	36255	1
NC_001604.1	NC_001604.1_48		144	36255	1
NC_001604.1	NC_001604.1_49		587	36255	1
