,genome_ID,protein_ID,function,protein_length,genome_length,input_seq
0,NC_024711.1,NC_024711.1_1,,33,91284,1
1,NC_024711.1,NC_024711.1_2,,262,91284,1
2,NC_024711.1,NC_024711.1_3,,102,91284,1
3,NC_024711.1,NC_024711.1_4,,59,91284,1
4,NC_024711.1,NC_024711.1_5,,209,91284,1
5,NC_024711.1,NC_024711.1_6,,60,91284,1
6,NC_024711.1,NC_024711.1_7,,194,91284,1
7,NC_024711.1,NC_024711.1_8,,132,91284,1
8,NC_024711.1,NC_024711.1_9,,191,91284,1
9,NC_024711.1,NC_024711.1_10,,93,91284,1
10,NC_024711.1,NC_024711.1_11,,111,91284,1
11,NC_024711.1,NC_024711.1_12,,157,91284,1
12,NC_024711.1,NC_024711.1_13,,487,91284,1
13,NC_024711.1,NC_024711.1_14,,185,91284,1
14,NC_024711.1,NC_024711.1_15,,776,91284,1
15,NC_024711.1,NC_024711.1_16,,462,91284,1
16,NC_024711.1,NC_024711.1_17,,311,91284,1
17,NC_024711.1,NC_024711.1_18,,276,91284,1
18,NC_024711.1,NC_024711.1_19,,340,91284,1
19,NC_024711.1,NC_024711.1_20,,432,91284,1
20,NC_024711.1,NC_024711.1_21,,143,91284,1
21,NC_024711.1,NC_024711.1_22,,187,91284,1
22,NC_024711.1,NC_024711.1_23,,406,91284,1
23,NC_024711.1,NC_024711.1_24,,128,91284,1
24,NC_024711.1,NC_024711.1_25,,272,91284,1
25,NC_024711.1,NC_024711.1_26,,128,91284,1
26,NC_024711.1,NC_024711.1_27,,290,91284,1
27,NC_024711.1,NC_024711.1_28,,89,91284,1
28,NC_024711.1,NC_024711.1_29,,46,91284,1
29,NC_024711.1,NC_024711.1_30,,260,91284,1
30,NC_024711.1,NC_024711.1_31,,354,91284,1
31,NC_024711.1,NC_024711.1_32,,107,91284,1
32,NC_024711.1,NC_024711.1_33,,285,91284,1
33,NC_024711.1,NC_024711.1_34,,121,91284,1
34,NC_024711.1,NC_024711.1_35,,86,91284,1
35,NC_024711.1,NC_024711.1_36,,90,91284,1
36,NC_024711.1,NC_024711.1_37,,198,91284,1
37,NC_024711.1,NC_024711.1_38,,93,91284,1
38,NC_024711.1,NC_024711.1_39,,55,91284,1
39,NC_024711.1,NC_024711.1_40,,142,91284,1
40,NC_024711.1,NC_024711.1_41,,62,91284,1
41,NC_024711.1,NC_024711.1_42,,61,91284,1
42,NC_024711.1,NC_024711.1_43,,185,91284,1
43,NC_024711.1,NC_024711.1_44,,4071,91284,1
44,NC_024711.1,NC_024711.1_45,,1958,91284,1
45,NC_024711.1,NC_024711.1_46,,858,91284,1
46,NC_024711.1,NC_024711.1_47,,858,91284,1
47,NC_024711.1,NC_024711.1_48,,265,91284,1
48,NC_024711.1,NC_024711.1_49,,1504,91284,1
49,NC_024711.1,NC_024711.1_50,,310,91284,1
50,NC_024711.1,NC_024711.1_51,,321,91284,1
51,NC_024711.1,NC_024711.1_52,,235,91284,1
52,NC_024711.1,NC_024711.1_53,,109,91284,1
53,NC_024711.1,NC_024711.1_54,,487,91284,1
54,NC_024711.1,NC_024711.1_55,,168,91284,1
55,NC_024711.1,NC_024711.1_56,,114,91284,1
56,NC_024711.1,NC_024711.1_57,,110,91284,1
57,NC_024711.1,NC_024711.1_58,,192,91284,1
58,NC_024711.1,NC_024711.1_59,,129,91284,1
59,NC_024711.1,NC_024711.1_60,,172,91284,1
60,NC_024711.1,NC_024711.1_61,,258,91284,1
61,NC_024711.1,NC_024711.1_62,,368,91284,1
62,NC_024711.1,NC_024711.1_63,,562,91284,1
63,NC_024711.1,NC_024711.1_64,,1295,91284,1
64,NC_024711.1,NC_024711.1_65,,277,91284,1
65,NC_024711.1,NC_024711.1_66,,697,91284,1
66,NC_024711.1,NC_024711.1_67,,869,91284,1
67,NC_024711.1,NC_024711.1_68,,176,91284,1
68,NC_024711.1,NC_024711.1_69,,80,91284,1
69,NC_024711.1,NC_024711.1_70,,178,91284,1
70,NC_024711.1,NC_024711.1_71,,288,91284,1
71,NC_024711.1,NC_024711.1_72,,226,91284,1
72,NC_024711.1,NC_024711.1_73,,386,91284,1
73,NC_024711.1,NC_024711.1_74,,491,91284,1
74,NC_024711.1,NC_024711.1_75,,437,91284,1
75,NC_024711.1,NC_024711.1_76,,804,91284,1
76,NC_024711.1,NC_024711.1_77,,752,91284,1
77,NC_024711.1,NC_024711.1_78,,129,91284,1
78,NC_024711.1,NC_024711.1_79,,93,91284,1
79,NC_024711.1,NC_024711.1_80,,143,91284,1
80,NC_024711.1,NC_024711.1_81,,66,91284,1
81,NC_024711.1,NC_024711.1_82,,117,91284,1
82,NC_024711.1,NC_024711.1_83,,336,91284,1
83,NC_024711.1,NC_024711.1_84,,192,91284,1
84,NC_024711.1,NC_024711.1_85,,189,91284,1
85,NC_024711.1,NC_024711.1_86,,180,91284,1
86,NC_024711.1,NC_024711.1_87,,47,91284,1
87,NC_024711.1,NC_024711.1_88,,219,91284,1
88,NC_024711.1,NC_024711.1_89,,52,91284,1
89,NC_001420.2,NC_001420.2_1,,555,5211,1
90,NC_001420.2,NC_001420.2_2,,85,5211,1
91,NC_001420.2,NC_001420.2_3,,153,5211,1
92,NC_001420.2,NC_001420.2_4,,428,5211,1
93,NC_001420.2,NC_001420.2_5,,178,5211,1
94,NC_001420.2,NC_001420.2_6,,338,5211,1
95,NC_002167.1,NC_002167.1_1,,162,35256,1
96,NC_002167.1,NC_002167.1_2,,505,35256,1
97,NC_002167.1,NC_002167.1_3,,425,35256,1
98,NC_002167.1,NC_002167.1_4,,226,35256,1
99,NC_002167.1,NC_002167.1_5,,386,35256,1
100,NC_002167.1,NC_002167.1_6,,109,35256,1
101,NC_002167.1,NC_002167.1_7,,113,35256,1
102,NC_002167.1,NC_002167.1_8,,150,35256,1
103,NC_002167.1,NC_002167.1_9,,116,35256,1
104,NC_002167.1,NC_002167.1_10,,235,35256,1
105,NC_002167.1,NC_002167.1_11,,129,35256,1
106,NC_002167.1,NC_002167.1_12,,69,35256,1
107,NC_002167.1,NC_002167.1_13,,63,35256,1
108,NC_002167.1,NC_002167.1_14,,1094,35256,1
109,NC_002167.1,NC_002167.1_15,,113,35256,1
110,NC_002167.1,NC_002167.1_16,,253,35256,1
111,NC_002167.1,NC_002167.1_17,,237,35256,1
112,NC_002167.1,NC_002167.1_18,,203,35256,1
113,NC_002167.1,NC_002167.1_19,,121,35256,1
114,NC_002167.1,NC_002167.1_20,,87,35256,1
115,NC_002167.1,NC_002167.1_21,,33,35256,1
116,NC_002167.1,NC_002167.1_22,,1297,35256,1
117,NC_002167.1,NC_002167.1_23,,322,35256,1
118,NC_002167.1,NC_002167.1_24,,203,35256,1
119,NC_002167.1,NC_002167.1_25,,357,35256,1
120,NC_002167.1,NC_002167.1_26,,73,35256,1
121,NC_002167.1,NC_002167.1_27,,177,35256,1
122,NC_002167.1,NC_002167.1_28,,55,35256,1
123,NC_002167.1,NC_002167.1_29,,98,35256,1
124,NC_002167.1,NC_002167.1_30,,130,35256,1
125,NC_002167.1,NC_002167.1_31,,202,35256,1
126,NC_002167.1,NC_002167.1_32,,84,35256,1
127,NC_002167.1,NC_002167.1_33,,51,35256,1
128,NC_002167.1,NC_002167.1_34,,45,35256,1
129,NC_002167.1,NC_002167.1_35,,157,35256,1
130,NC_002167.1,NC_002167.1_36,,128,35256,1
131,NC_002167.1,NC_002167.1_37,,217,35256,1
132,NC_002167.1,NC_002167.1_38,,89,35256,1
133,NC_002167.1,NC_002167.1_39,,238,35256,1
134,NC_002167.1,NC_002167.1_40,,67,35256,1
135,NC_002167.1,NC_002167.1_41,,99,35256,1
136,NC_002167.1,NC_002167.1_42,,54,35256,1
137,NC_002167.1,NC_002167.1_43,,274,35256,1
138,NC_002167.1,NC_002167.1_44,,459,35256,1
139,NC_002167.1,NC_002167.1_45,,33,35256,1
140,NC_002167.1,NC_002167.1_46,,71,35256,1
141,NC_002167.1,NC_002167.1_47,,147,35256,1
142,NC_002167.1,NC_002167.1_48,,176,35256,1
143,NC_002167.1,NC_002167.1_49,,242,35256,1
144,NC_002167.1,NC_002167.1_50,,97,35256,1
145,NC_002167.1,NC_002167.1_51,,121,35256,1
146,NC_002167.1,NC_002167.1_52,,63,35256,1
147,NC_002167.1,NC_002167.1_53,,208,35256,1
148,NC_002167.1,NC_002167.1_54,,107,35256,1
149,NC_002167.1,NC_002167.1_55,,159,35256,1
150,NC_002167.1,NC_002167.1_56,,146,35256,1
151,NC_002167.1,NC_002167.1_57,,243,35256,1
152,NC_002167.1,NC_002167.1_58,,46,35256,1
153,NC_002167.1,NC_002167.1_59,,120,35256,1
154,NC_002167.1,NC_002167.1_60,,68,35256,1
155,NC_001416.1,NC_001416.1_1,,182,41160,1
156,NC_001416.1,NC_001416.1_2,,582,41160,1
157,NC_001416.1,NC_001416.1_3,,69,41160,1
158,NC_001416.1,NC_001416.1_4,,534,41160,1
159,NC_001416.1,NC_001416.1_5,,440,41160,1
160,NC_001416.1,NC_001416.1_6,,111,41160,1
161,NC_001416.1,NC_001416.1_7,,342,41160,1
162,NC_001416.1,NC_001416.1_8,,133,41160,1
163,NC_001416.1,NC_001416.1_9,,118,41160,1
164,NC_001416.1,NC_001416.1_10,,193,41160,1
165,NC_001416.1,NC_001416.1_11,,132,41160,1
166,NC_001416.1,NC_001416.1_12,,247,41160,1
167,NC_001416.1,NC_001416.1_13,,141,41160,1
168,NC_001416.1,NC_001416.1_14,,75,41160,1
169,NC_001416.1,NC_001416.1_15,,854,41160,1
170,NC_001416.1,NC_001416.1_16,,110,41160,1
171,NC_001416.1,NC_001416.1_17,,233,41160,1
172,NC_001416.1,NC_001416.1_18,,224,41160,1
173,NC_001416.1,NC_001416.1_19,,1133,41160,1
174,NC_001416.1,NC_001416.1_20,,207,41160,1
175,NC_001416.1,NC_001416.1_21,,402,41160,1
176,NC_001416.1,NC_001416.1_22,,315,41160,1
177,NC_001416.1,NC_001416.1_23,,195,41160,1
178,NC_001416.1,NC_001416.1_24,,411,41160,1
179,NC_001416.1,NC_001416.1_25,,297,41160,1
180,NC_001416.1,NC_001416.1_26,,526,41160,1
181,NC_001416.1,NC_001416.1_27,,357,41160,1
182,NC_001416.1,NC_001416.1_28,,73,41160,1
183,NC_001416.1,NC_001416.1_29,,56,41160,1
184,NC_001416.1,NC_001416.1_30,,94,41160,1
185,NC_001416.1,NC_001416.1_31,,183,41160,1
186,NC_001416.1,NC_001416.1_32,,74,41160,1
187,NC_001416.1,NC_001416.1_33,,64,41160,1
188,NC_001416.1,NC_001416.1_34,,61,41160,1
189,NC_001416.1,NC_001416.1_35,,227,41160,1
190,NC_001416.1,NC_001416.1_36,,262,41160,1
191,NC_001416.1,NC_001416.1_37,,99,41160,1
192,NC_001416.1,NC_001416.1_38,,48,41160,1
193,NC_001416.1,NC_001416.1_39,,55,41160,1
194,NC_001416.1,NC_001416.1_40,,123,41160,1
195,NC_001416.1,NC_001416.1_41,,67,41160,1
196,NC_001416.1,NC_001416.1_42,,180,41160,1
197,NC_001416.1,NC_001416.1_43,,108,41160,1
198,NC_001416.1,NC_001416.1_44,,145,41160,1
199,NC_001416.1,NC_001416.1_45,,280,41160,1
200,NC_001416.1,NC_001416.1_46,,238,41160,1
201,NC_001416.1,NC_001416.1_47,,67,41160,1
202,NC_001416.1,NC_001416.1_48,,98,41160,1
203,NC_001416.1,NC_001416.1_49,,300,41160,1
204,NC_001416.1,NC_001416.1_50,,234,41160,1
205,NC_001416.1,NC_001416.1_51,,97,41160,1
206,NC_001416.1,NC_001416.1_52,,147,41160,1
207,NC_001416.1,NC_001416.1_53,,291,41160,1
208,NC_001416.1,NC_001416.1_54,,58,41160,1
209,NC_001416.1,NC_001416.1_55,,204,41160,1
210,NC_001416.1,NC_001416.1_56,,69,41160,1
211,NC_001416.1,NC_001416.1_57,,222,41160,1
212,NC_001416.1,NC_001416.1_58,,208,41160,1
213,NC_001416.1,NC_001416.1_59,,108,41160,1
214,NC_001416.1,NC_001416.1_60,,159,41160,1
215,NC_001416.1,NC_001416.1_61,,154,41160,1
216,NC_001416.1,NC_001416.1_62,,98,41160,1
217,NC_001416.1,NC_001416.1_63,,137,41160,1
218,NC_001416.1,NC_001416.1_64,,69,41160,1
219,NC_003287.2,NC_003287.2_1,,277,5661,1
220,NC_003287.2,NC_003287.2_2,,88,5661,1
221,NC_003287.2,NC_003287.2_3,,74,5661,1
222,NC_003287.2,NC_003287.2_4,,425,5661,1
223,NC_003287.2,NC_003287.2_5,,113,5661,1
224,NC_003287.2,NC_003287.2_6,,349,5661,1
225,NC_003287.2,NC_003287.2_7,,427,5661,1
226,NC_003287.2,NC_003287.2_8,,134,5661,1
227,NC_001417.2,NC_001417.2_1,,394,3213,1
228,NC_001417.2,NC_001417.2_2,,131,3213,1
229,NC_001417.2,NC_001417.2_3,,546,3213,1
230,NC_000929.1,NC_000929.1_1,,32,35091,1
231,NC_000929.1,NC_000929.1_2,,197,35091,1
232,NC_000929.1,NC_000929.1_3,,76,35091,1
233,NC_000929.1,NC_000929.1_4,,664,35091,1
234,NC_000929.1,NC_000929.1_5,,313,35091,1
235,NC_000929.1,NC_000929.1_6,,76,35091,1
236,NC_000929.1,NC_000929.1_7,,77,35091,1
237,NC_000929.1,NC_000929.1_8,,88,35091,1
238,NC_000929.1,NC_000929.1_9,,140,35091,1
239,NC_000929.1,NC_000929.1_10,,100,35091,1
240,NC_000929.1,NC_000929.1_11,,175,35091,1
241,NC_000929.1,NC_000929.1_12,,177,35091,1
242,NC_000929.1,NC_000929.1_13,,177,35091,1
243,NC_000929.1,NC_000929.1_14,,61,35091,1
244,NC_000929.1,NC_000929.1_15,,101,35091,1
245,NC_000929.1,NC_000929.1_16,,89,35091,1
246,NC_000929.1,NC_000929.1_17,,184,35091,1
247,NC_000929.1,NC_000929.1_18,,130,35091,1
248,NC_000929.1,NC_000929.1_19,,73,35091,1
249,NC_000929.1,NC_000929.1_20,,121,35091,1
250,NC_000929.1,NC_000929.1_21,,141,35091,1
251,NC_000929.1,NC_000929.1_22,,172,35091,1
252,NC_000929.1,NC_000929.1_23,,129,35091,1
253,NC_000929.1,NC_000929.1_24,,65,35091,1
254,NC_000929.1,NC_000929.1_25,,100,35091,1
255,NC_000929.1,NC_000929.1_26,,97,35091,1
256,NC_000929.1,NC_000929.1_27,,192,35091,1
257,NC_000929.1,NC_000929.1_28,,552,35091,1
258,NC_000929.1,NC_000929.1_29,,513,35091,1
259,NC_000929.1,NC_000929.1_30,,440,35091,1
260,NC_000929.1,NC_000929.1_31,,153,35091,1
261,NC_000929.1,NC_000929.1_32,,362,35091,1
262,NC_000929.1,NC_000929.1_33,,306,35091,1
263,NC_000929.1,NC_000929.1_34,,137,35091,1
264,NC_000929.1,NC_000929.1_35,,142,35091,1
265,NC_000929.1,NC_000929.1_36,,183,35091,1
266,NC_000929.1,NC_000929.1_37,,69,35091,1
267,NC_000929.1,NC_000929.1_38,,496,35091,1
268,NC_000929.1,NC_000929.1_39,,119,35091,1
269,NC_000929.1,NC_000929.1_40,,145,35091,1
270,NC_000929.1,NC_000929.1_41,,691,35091,1
271,NC_000929.1,NC_000929.1_42,,496,35091,1
272,NC_000929.1,NC_000929.1_43,,380,35091,1
273,NC_000929.1,NC_000929.1_44,,198,35091,1
274,NC_000929.1,NC_000929.1_45,,146,35091,1
275,NC_000929.1,NC_000929.1_46,,361,35091,1
276,NC_000929.1,NC_000929.1_47,,181,35091,1
277,NC_000929.1,NC_000929.1_48,,505,35091,1
278,NC_000929.1,NC_000929.1_49,,176,35091,1
279,NC_000929.1,NC_000929.1_50,,178,35091,1
280,NC_000929.1,NC_000929.1_51,,332,35091,1
281,NC_000929.1,NC_000929.1_52,,194,35091,1
282,NC_000929.1,NC_000929.1_53,,63,35091,1
283,NC_000929.1,NC_000929.1_54,,232,35091,1
284,NC_008720.1,NC_008720.1_1,,109,66261,1
285,NC_008720.1,NC_008720.1_2,,129,66261,1
286,NC_008720.1,NC_008720.1_3,,105,66261,1
287,NC_008720.1,NC_008720.1_4,,146,66261,1
288,NC_008720.1,NC_008720.1_5,,66,66261,1
289,NC_008720.1,NC_008720.1_6,,53,66261,1
290,NC_008720.1,NC_008720.1_7,,70,66261,1
291,NC_008720.1,NC_008720.1_8,,72,66261,1
292,NC_008720.1,NC_008720.1_9,,105,66261,1
293,NC_008720.1,NC_008720.1_10,,59,66261,1
294,NC_008720.1,NC_008720.1_11,,107,66261,1
295,NC_008720.1,NC_008720.1_12,,123,66261,1
296,NC_008720.1,NC_008720.1_13,,62,66261,1
297,NC_008720.1,NC_008720.1_14,,127,66261,1
298,NC_008720.1,NC_008720.1_15,,270,66261,1
299,NC_008720.1,NC_008720.1_16,,405,66261,1
300,NC_008720.1,NC_008720.1_17,,280,66261,1
301,NC_008720.1,NC_008720.1_18,,105,66261,1
302,NC_008720.1,NC_008720.1_19,,69,66261,1
303,NC_008720.1,NC_008720.1_20,,279,66261,1
304,NC_008720.1,NC_008720.1_21,,75,66261,1
305,NC_008720.1,NC_008720.1_22,,119,66261,1
306,NC_008720.1,NC_008720.1_23,,57,66261,1
307,NC_008720.1,NC_008720.1_24,,353,66261,1
308,NC_008720.1,NC_008720.1_25,,60,66261,1
309,NC_008720.1,NC_008720.1_26,,381,66261,1
310,NC_008720.1,NC_008720.1_27,,169,66261,1
311,NC_008720.1,NC_008720.1_28,,67,66261,1
312,NC_008720.1,NC_008720.1_29,,81,66261,1
313,NC_008720.1,NC_008720.1_30,,154,66261,1
314,NC_008720.1,NC_008720.1_31,,314,66261,1
315,NC_008720.1,NC_008720.1_32,,78,66261,1
316,NC_008720.1,NC_008720.1_33,,109,66261,1
317,NC_008720.1,NC_008720.1_34,,842,66261,1
318,NC_008720.1,NC_008720.1_35,,697,66261,1
319,NC_008720.1,NC_008720.1_36,,132,66261,1
320,NC_008720.1,NC_008720.1_37,,110,66261,1
321,NC_008720.1,NC_008720.1_38,,440,66261,1
322,NC_008720.1,NC_008720.1_39,,176,66261,1
323,NC_008720.1,NC_008720.1_40,,860,66261,1
324,NC_008720.1,NC_008720.1_41,,113,66261,1
325,NC_008720.1,NC_008720.1_42,,203,66261,1
326,NC_008720.1,NC_008720.1_43,,325,66261,1
327,NC_008720.1,NC_008720.1_44,,716,66261,1
328,NC_008720.1,NC_008720.1_45,,252,66261,1
329,NC_008720.1,NC_008720.1_46,,266,66261,1
330,NC_008720.1,NC_008720.1_47,,186,66261,1
331,NC_008720.1,NC_008720.1_48,,145,66261,1
332,NC_008720.1,NC_008720.1_49,,124,66261,1
333,NC_008720.1,NC_008720.1_50,,161,66261,1
334,NC_008720.1,NC_008720.1_51,,3501,66261,1
335,NC_008720.1,NC_008720.1_52,,645,66261,1
336,NC_008720.1,NC_008720.1_53,,151,66261,1
337,NC_008720.1,NC_008720.1_54,,886,66261,1
338,NC_008720.1,NC_008720.1_55,,300,66261,1
339,NC_008720.1,NC_008720.1_56,,209,66261,1
340,NC_008720.1,NC_008720.1_57,,402,66261,1
341,NC_008720.1,NC_008720.1_58,,406,66261,1
342,NC_008720.1,NC_008720.1_59,,116,66261,1
343,NC_008720.1,NC_008720.1_60,,764,66261,1
344,NC_008720.1,NC_008720.1_61,,168,66261,1
345,NC_008720.1,NC_008720.1_62,,209,66261,1
346,NC_008720.1,NC_008720.1_63,,88,66261,1
347,NC_008720.1,NC_008720.1_64,,111,66261,1
348,NC_008720.1,NC_008720.1_65,,418,66261,1
349,NC_008720.1,NC_008720.1_66,,1383,66261,1
350,NC_008720.1,NC_008720.1_67,,557,66261,1
351,NC_008720.1,NC_008720.1_68,,237,66261,1
352,NC_008720.1,NC_008720.1_69,,531,66261,1
353,NC_008720.1,NC_008720.1_70,,231,66261,1
354,NC_008720.1,NC_008720.1_71,,103,66261,1
355,NC_008720.1,NC_008720.1_72,,122,66261,1
356,NC_008720.1,NC_008720.1_73,,43,66261,1
357,NC_005856.1,NC_005856.1_1,,74,83553,1
358,NC_005856.1,NC_005856.1_2,,344,83553,1
359,NC_005856.1,NC_005856.1_3,,104,83553,1
360,NC_005856.1,NC_005856.1_4,,187,83553,1
361,NC_005856.1,NC_005856.1_5,,214,83553,1
362,NC_005856.1,NC_005856.1_6,,971,83553,1
363,NC_005856.1,NC_005856.1_7,,390,83553,1
364,NC_005856.1,NC_005856.1_8,,327,83553,1
365,NC_005856.1,NC_005856.1_9,,267,83553,1
366,NC_005856.1,NC_005856.1_10,,83,83553,1
367,NC_005856.1,NC_005856.1_11,,147,83553,1
368,NC_005856.1,NC_005856.1_12,,2256,83553,1
369,NC_005856.1,NC_005856.1_13,,570,83553,1
370,NC_005856.1,NC_005856.1_14,,340,83553,1
371,NC_005856.1,NC_005856.1_15,,186,83553,1
372,NC_005856.1,NC_005856.1_16,,163,83553,1
373,NC_005856.1,NC_005856.1_17,,265,83553,1
374,NC_005856.1,NC_005856.1_18,,202,83553,1
375,NC_005856.1,NC_005856.1_19,,103,83553,1
376,NC_005856.1,NC_005856.1_20,,988,83553,1
377,NC_005856.1,NC_005856.1_21,,122,83553,1
378,NC_005856.1,NC_005856.1_22,,640,83553,1
379,NC_005856.1,NC_005856.1_23,,201,83553,1
380,NC_005856.1,NC_005856.1_24,,148,83553,1
381,NC_005856.1,NC_005856.1_25,,110,83553,1
382,NC_005856.1,NC_005856.1_26,,94,83553,1
383,NC_005856.1,NC_005856.1_27,,187,83553,1
384,NC_005856.1,NC_005856.1_28,,505,83553,1
385,NC_005856.1,NC_005856.1_29,,178,83553,1
386,NC_005856.1,NC_005856.1_30,,176,83553,1
387,NC_005856.1,NC_005856.1_31,,988,83553,1
388,NC_005856.1,NC_005856.1_32,,145,83553,1
389,NC_005856.1,NC_005856.1_33,,279,83553,1
390,NC_005856.1,NC_005856.1_34,,478,83553,1
391,NC_005856.1,NC_005856.1_35,,119,83553,1
392,NC_005856.1,NC_005856.1_36,,1141,83553,1
393,NC_005856.1,NC_005856.1_37,,294,83553,1
394,NC_005856.1,NC_005856.1_38,,204,83553,1
395,NC_005856.1,NC_005856.1_39,,189,83553,1
396,NC_005856.1,NC_005856.1_40,,260,83553,1
397,NC_005856.1,NC_005856.1_41,,106,83553,1
398,NC_005856.1,NC_005856.1_42,,74,83553,1
399,NC_005856.1,NC_005856.1_43,,348,83553,1
400,NC_005856.1,NC_005856.1_44,,267,83553,1
401,NC_005856.1,NC_005856.1_45,,270,83553,1
402,NC_005856.1,NC_005856.1_46,,235,83553,1
403,NC_005856.1,NC_005856.1_47,,155,83553,1
404,NC_005856.1,NC_005856.1_48,,99,83553,1
405,NC_005856.1,NC_005856.1_49,,170,83553,1
406,NC_005856.1,NC_005856.1_50,,155,83553,1
407,NC_005856.1,NC_005856.1_51,,272,83553,1
408,NC_005856.1,NC_005856.1_52,,530,83553,1
409,NC_005856.1,NC_005856.1_53,,569,83553,1
410,NC_005856.1,NC_005856.1_54,,334,83553,1
411,NC_005856.1,NC_005856.1_55,,399,83553,1
412,NC_005856.1,NC_005856.1_56,,154,83553,1
413,NC_005856.1,NC_005856.1_57,,287,83553,1
414,NC_005856.1,NC_005856.1_58,,131,83553,1
415,NC_005856.1,NC_005856.1_59,,141,83553,1
416,NC_005856.1,NC_005856.1_60,,263,83553,1
417,NC_005856.1,NC_005856.1_61,,95,83553,1
418,NC_005856.1,NC_005856.1_62,,302,83553,1
419,NC_005856.1,NC_005856.1_63,,755,83553,1
420,NC_005856.1,NC_005856.1_64,,142,83553,1
421,NC_005856.1,NC_005856.1_65,,36,83553,1
422,NC_005856.1,NC_005856.1_66,,455,83553,1
423,NC_005856.1,NC_005856.1_67,,333,83553,1
424,NC_005856.1,NC_005856.1_68,,211,83553,1
425,NC_005856.1,NC_005856.1_69,,339,83553,1
426,NC_005856.1,NC_005856.1_70,,262,83553,1
427,NC_005856.1,NC_005856.1_71,,243,83553,1
428,NC_005856.1,NC_005856.1_72,,406,83553,1
429,NC_005856.1,NC_005856.1_73,,126,83553,1
430,NC_005856.1,NC_005856.1_74,,82,83553,1
431,NC_005856.1,NC_005856.1_75,,193,83553,1
432,NC_005856.1,NC_005856.1_76,,52,83553,1
433,NC_005856.1,NC_005856.1_77,,209,83553,1
434,NC_005856.1,NC_005856.1_78,,226,83553,1
435,NC_005856.1,NC_005856.1_79,,234,83553,1
436,NC_005856.1,NC_005856.1_80,,73,83553,1
437,NC_005856.1,NC_005856.1_81,,421,83553,1
438,NC_005856.1,NC_005856.1_82,,169,83553,1
439,NC_005856.1,NC_005856.1_83,,310,83553,1
440,NC_005856.1,NC_005856.1_84,,121,83553,1
441,NC_005856.1,NC_005856.1_85,,46,83553,1
442,NC_005856.1,NC_005856.1_86,,84,83553,1
443,NC_005856.1,NC_005856.1_87,,191,83553,1
444,NC_005856.1,NC_005856.1_88,,130,83553,1
445,NC_005856.1,NC_005856.1_89,,74,83553,1
446,NC_005856.1,NC_005856.1_90,,127,83553,1
447,NC_005856.1,NC_005856.1_91,,60,83553,1
448,NC_005856.1,NC_005856.1_92,,348,83553,1
449,NC_005856.1,NC_005856.1_93,,151,83553,1
450,NC_005856.1,NC_005856.1_94,,398,83553,1
451,NC_005856.1,NC_005856.1_95,,495,83553,1
452,NC_005856.1,NC_005856.1_96,,284,83553,1
453,NC_005856.1,NC_005856.1_97,,70,83553,1
454,NC_002371.1,NC_002371.1_1,,486,37314,1
455,NC_002371.1,NC_002371.1_2,,311,37314,1
456,NC_002371.1,NC_002371.1_3,,388,37314,1
457,NC_002371.1,NC_002371.1_4,,212,37314,1
458,NC_002371.1,NC_002371.1_5,,60,37314,1
459,NC_002371.1,NC_002371.1_6,,318,37314,1
460,NC_002371.1,NC_002371.1_7,,65,37314,1
461,NC_002371.1,NC_002371.1_8,,198,37314,1
462,NC_002371.1,NC_002371.1_9,,120,37314,1
463,NC_002371.1,NC_002371.1_10,,46,37314,1
464,NC_002371.1,NC_002371.1_11,,166,37314,1
465,NC_002371.1,NC_002371.1_12,,57,37314,1
466,NC_002371.1,NC_002371.1_13,,98,37314,1
467,NC_002371.1,NC_002371.1_14,,95,37314,1
468,NC_002371.1,NC_002371.1_15,,206,37314,1
469,NC_002371.1,NC_002371.1_16,,48,37314,1
470,NC_002371.1,NC_002371.1_17,,63,37314,1
471,NC_002371.1,NC_002371.1_18,,53,37314,1
472,NC_002371.1,NC_002371.1_19,,104,37314,1
473,NC_002371.1,NC_002371.1_20,,68,37314,1
474,NC_002371.1,NC_002371.1_21,,79,37314,1
475,NC_002371.1,NC_002371.1_22,,65,37314,1
476,NC_002371.1,NC_002371.1_23,,184,37314,1
477,NC_002371.1,NC_002371.1_24,,101,37314,1
478,NC_002371.1,NC_002371.1_25,,217,37314,1
479,NC_002371.1,NC_002371.1_26,,62,37314,1
480,NC_002371.1,NC_002371.1_27,,93,37314,1
481,NC_002371.1,NC_002371.1_28,,49,37314,1
482,NC_002371.1,NC_002371.1_29,,272,37314,1
483,NC_002371.1,NC_002371.1_30,,459,37314,1
484,NC_002371.1,NC_002371.1_31,,146,37314,1
485,NC_002371.1,NC_002371.1_32,,111,37314,1
486,NC_002371.1,NC_002371.1_33,,59,37314,1
487,NC_002371.1,NC_002371.1_34,,204,37314,1
488,NC_002371.1,NC_002371.1_35,,75,37314,1
489,NC_002371.1,NC_002371.1_36,,68,37314,1
490,NC_002371.1,NC_002371.1_37,,60,37314,1
491,NC_002371.1,NC_002371.1_38,,208,37314,1
492,NC_002371.1,NC_002371.1_39,,109,37314,1
493,NC_002371.1,NC_002371.1_40,,146,37314,1
494,NC_002371.1,NC_002371.1_41,,146,37314,1
495,NC_002371.1,NC_002371.1_42,,202,37314,1
496,NC_002371.1,NC_002371.1_43,,87,37314,1
497,NC_002371.1,NC_002371.1_44,,81,37314,1
498,NC_002371.1,NC_002371.1_45,,60,37314,1
499,NC_002371.1,NC_002371.1_46,,163,37314,1
500,NC_002371.1,NC_002371.1_47,,500,37314,1
501,NC_002371.1,NC_002371.1_48,,726,37314,1
502,NC_002371.1,NC_002371.1_49,,304,37314,1
503,NC_002371.1,NC_002371.1_50,,431,37314,1
504,NC_002371.1,NC_002371.1_51,,70,37314,1
505,NC_002371.1,NC_002371.1_52,,167,37314,1
506,NC_002371.1,NC_002371.1_53,,473,37314,1
507,NC_002371.1,NC_002371.1_54,,234,37314,1
508,NC_002371.1,NC_002371.1_55,,152,37314,1
509,NC_002371.1,NC_002371.1_56,,230,37314,1
510,NC_002371.1,NC_002371.1_57,,472,37314,1
511,NC_002371.1,NC_002371.1_58,,610,37314,1
512,NC_002371.1,NC_002371.1_59,,165,37314,1
513,NC_002371.1,NC_002371.1_60,,69,37314,1
514,NC_002371.1,NC_002371.1_61,,60,37314,1
515,NC_002371.1,NC_002371.1_62,,84,37314,1
516,NC_002371.1,NC_002371.1_63,,54,37314,1
517,NC_002371.1,NC_002371.1_64,,301,37314,1
518,NC_002371.1,NC_002371.1_65,,668,37314,1
519,NC_001895.1,NC_001895.1_1,,47,30858,1
520,NC_001895.1,NC_001895.1_2,,345,30858,1
521,NC_001895.1,NC_001895.1_3,,591,30858,1
522,NC_001895.1,NC_001895.1_4,,285,30858,1
523,NC_001895.1,NC_001895.1_5,,358,30858,1
524,NC_001895.1,NC_001895.1_6,,248,30858,1
525,NC_001895.1,NC_001895.1_7,,170,30858,1
526,NC_001895.1,NC_001895.1_8,,68,30858,1
527,NC_001895.1,NC_001895.1_9,,94,30858,1
528,NC_001895.1,NC_001895.1_10,,166,30858,1
529,NC_001895.1,NC_001895.1_11,,142,30858,1
530,NC_001895.1,NC_001895.1_12,,142,30858,1
531,NC_001895.1,NC_001895.1_13,,53,30858,1
532,NC_001895.1,NC_001895.1_14,,156,30858,1
533,NC_001895.1,NC_001895.1_15,,151,30858,1
534,NC_001895.1,NC_001895.1_16,,262,30858,1
535,NC_001895.1,NC_001895.1_17,,212,30858,1
536,NC_001895.1,NC_001895.1_18,,116,30858,1
537,NC_001895.1,NC_001895.1_19,,303,30858,1
538,NC_001895.1,NC_001895.1_20,,177,30858,1
539,NC_001895.1,NC_001895.1_21,,670,30858,1
540,NC_001895.1,NC_001895.1_22,,176,30858,1
541,NC_001895.1,NC_001895.1_23,,529,30858,1
542,NC_001895.1,NC_001895.1_24,,397,30858,1
543,NC_001895.1,NC_001895.1_25,,173,30858,1
544,NC_001895.1,NC_001895.1_26,,92,30858,1
545,NC_001895.1,NC_001895.1_27,,816,30858,1
546,NC_001895.1,NC_001895.1_28,,160,30858,1
547,NC_001895.1,NC_001895.1_29,,388,30858,1
548,NC_001895.1,NC_001895.1_30,,338,30858,1
549,NC_001895.1,NC_001895.1_31,,89,30858,1
550,NC_001895.1,NC_001895.1_32,,92,30858,1
551,NC_001895.1,NC_001895.1_33,,57,30858,1
552,NC_001895.1,NC_001895.1_34,,167,30858,1
553,NC_001895.1,NC_001895.1_35,,75,30858,1
554,NC_001895.1,NC_001895.1_36,,101,30858,1
555,NC_001895.1,NC_001895.1_37,,75,30858,1
556,NC_001895.1,NC_001895.1_38,,92,30858,1
557,NC_001895.1,NC_001895.1_39,,762,30858,1
558,NC_001895.1,NC_001895.1_40,,110,30858,1
559,NC_001895.1,NC_001895.1_41,,254,30858,1
560,NC_001895.1,NC_001895.1_42,,587,30858,1
561,NC_004629.1,NC_004629.1_1,,130,257586,1
562,NC_004629.1,NC_004629.1_2,,195,257586,1
563,NC_004629.1,NC_004629.1_3,,169,257586,1
564,NC_004629.1,NC_004629.1_4,,174,257586,1
565,NC_004629.1,NC_004629.1_5,,135,257586,1
566,NC_004629.1,NC_004629.1_6,,172,257586,1
567,NC_004629.1,NC_004629.1_7,,79,257586,1
568,NC_004629.1,NC_004629.1_8,,71,257586,1
569,NC_004629.1,NC_004629.1_9,,111,257586,1
570,NC_004629.1,NC_004629.1_10,,87,257586,1
571,NC_004629.1,NC_004629.1_11,,50,257586,1
572,NC_004629.1,NC_004629.1_12,,114,257586,1
573,NC_004629.1,NC_004629.1_13,,133,257586,1
574,NC_004629.1,NC_004629.1_14,,58,257586,1
575,NC_004629.1,NC_004629.1_15,,136,257586,1
576,NC_004629.1,NC_004629.1_16,,371,257586,1
577,NC_004629.1,NC_004629.1_17,,334,257586,1
578,NC_004629.1,NC_004629.1_18,,160,257586,1
579,NC_004629.1,NC_004629.1_19,,48,257586,1
580,NC_004629.1,NC_004629.1_20,,131,257586,1
581,NC_004629.1,NC_004629.1_21,,110,257586,1
582,NC_004629.1,NC_004629.1_22,,70,257586,1
583,NC_004629.1,NC_004629.1_23,,86,257586,1
584,NC_004629.1,NC_004629.1_24,,112,257586,1
585,NC_004629.1,NC_004629.1_25,,188,257586,1
586,NC_004629.1,NC_004629.1_26,,139,257586,1
587,NC_004629.1,NC_004629.1_27,,89,257586,1
588,NC_004629.1,NC_004629.1_28,,718,257586,1
589,NC_004629.1,NC_004629.1_29,,553,257586,1
590,NC_004629.1,NC_004629.1_30,,899,257586,1
591,NC_004629.1,NC_004629.1_31,,321,257586,1
592,NC_004629.1,NC_004629.1_32,,696,257586,1
593,NC_004629.1,NC_004629.1_33,,294,257586,1
594,NC_004629.1,NC_004629.1_34,,61,257586,1
595,NC_004629.1,NC_004629.1_35,,399,257586,1
596,NC_004629.1,NC_004629.1_36,,119,257586,1
597,NC_004629.1,NC_004629.1_37,,413,257586,1
598,NC_004629.1,NC_004629.1_38,,290,257586,1
599,NC_004629.1,NC_004629.1_39,,68,257586,1
600,NC_004629.1,NC_004629.1_40,,257,257586,1
601,NC_004629.1,NC_004629.1_41,,272,257586,1
602,NC_004629.1,NC_004629.1_42,,272,257586,1
603,NC_004629.1,NC_004629.1_43,,274,257586,1
604,NC_004629.1,NC_004629.1_44,,171,257586,1
605,NC_004629.1,NC_004629.1_45,,327,257586,1
606,NC_004629.1,NC_004629.1_46,,161,257586,1
607,NC_004629.1,NC_004629.1_47,,158,257586,1
608,NC_004629.1,NC_004629.1_48,,106,257586,1
609,NC_004629.1,NC_004629.1_49,,96,257586,1
610,NC_004629.1,NC_004629.1_50,,76,257586,1
611,NC_004629.1,NC_004629.1_51,,267,257586,1
612,NC_004629.1,NC_004629.1_52,,143,257586,1
613,NC_004629.1,NC_004629.1_53,,358,257586,1
614,NC_004629.1,NC_004629.1_54,,130,257586,1
615,NC_004629.1,NC_004629.1_55,,153,257586,1
616,NC_004629.1,NC_004629.1_56,,145,257586,1
617,NC_004629.1,NC_004629.1_57,,179,257586,1
618,NC_004629.1,NC_004629.1_58,,128,257586,1
619,NC_004629.1,NC_004629.1_59,,139,257586,1
620,NC_004629.1,NC_004629.1_60,,732,257586,1
621,NC_004629.1,NC_004629.1_61,,59,257586,1
622,NC_004629.1,NC_004629.1_62,,240,257586,1
623,NC_004629.1,NC_004629.1_63,,364,257586,1
624,NC_004629.1,NC_004629.1_64,,122,257586,1
625,NC_004629.1,NC_004629.1_65,,627,257586,1
626,NC_004629.1,NC_004629.1_66,,421,257586,1
627,NC_004629.1,NC_004629.1_67,,335,257586,1
628,NC_004629.1,NC_004629.1_68,,62,257586,1
629,NC_004629.1,NC_004629.1_69,,128,257586,1
630,NC_004629.1,NC_004629.1_70,,142,257586,1
631,NC_004629.1,NC_004629.1_71,,61,257586,1
632,NC_004629.1,NC_004629.1_72,,204,257586,1
633,NC_004629.1,NC_004629.1_73,,112,257586,1
634,NC_004629.1,NC_004629.1_74,,155,257586,1
635,NC_004629.1,NC_004629.1_75,,137,257586,1
636,NC_004629.1,NC_004629.1_76,,186,257586,1
637,NC_004629.1,NC_004629.1_77,,203,257586,1
638,NC_004629.1,NC_004629.1_78,,359,257586,1
639,NC_004629.1,NC_004629.1_79,,277,257586,1
640,NC_004629.1,NC_004629.1_80,,247,257586,1
641,NC_004629.1,NC_004629.1_81,,522,257586,1
642,NC_004629.1,NC_004629.1_82,,558,257586,1
643,NC_004629.1,NC_004629.1_83,,460,257586,1
644,NC_004629.1,NC_004629.1_84,,121,257586,1
645,NC_004629.1,NC_004629.1_85,,57,257586,1
646,NC_004629.1,NC_004629.1_86,,395,257586,1
647,NC_004629.1,NC_004629.1_87,,317,257586,1
648,NC_004629.1,NC_004629.1_88,,296,257586,1
649,NC_004629.1,NC_004629.1_89,,678,257586,1
650,NC_004629.1,NC_004629.1_90,,538,257586,1
651,NC_004629.1,NC_004629.1_91,,86,257586,1
652,NC_004629.1,NC_004629.1_92,,64,257586,1
653,NC_004629.1,NC_004629.1_93,,65,257586,1
654,NC_004629.1,NC_004629.1_94,,48,257586,1
655,NC_004629.1,NC_004629.1_95,,81,257586,1
656,NC_004629.1,NC_004629.1_96,,534,257586,1
657,NC_004629.1,NC_004629.1_97,,165,257586,1
658,NC_004629.1,NC_004629.1_98,,286,257586,1
659,NC_004629.1,NC_004629.1_99,,450,257586,1
660,NC_004629.1,NC_004629.1_100,,474,257586,1
661,NC_004629.1,NC_004629.1_101,,639,257586,1
662,NC_004629.1,NC_004629.1_102,,505,257586,1
663,NC_004629.1,NC_004629.1_103,,414,257586,1
664,NC_004629.1,NC_004629.1_104,,150,257586,1
665,NC_004629.1,NC_004629.1_105,,423,257586,1
666,NC_004629.1,NC_004629.1_106,,972,257586,1
667,NC_004629.1,NC_004629.1_107,,350,257586,1
668,NC_004629.1,NC_004629.1_108,,388,257586,1
669,NC_004629.1,NC_004629.1_109,,310,257586,1
670,NC_004629.1,NC_004629.1_110,,177,257586,1
671,NC_004629.1,NC_004629.1_111,,441,257586,1
672,NC_004629.1,NC_004629.1_112,,436,257586,1
673,NC_004629.1,NC_004629.1_113,,506,257586,1
674,NC_004629.1,NC_004629.1_114,,548,257586,1
675,NC_004629.1,NC_004629.1_115,,372,257586,1
676,NC_004629.1,NC_004629.1_116,,817,257586,1
677,NC_004629.1,NC_004629.1_117,,543,257586,1
678,NC_004629.1,NC_004629.1_118,,470,257586,1
679,NC_004629.1,NC_004629.1_119,,194,257586,1
680,NC_004629.1,NC_004629.1_120,,461,257586,1
681,NC_004629.1,NC_004629.1_121,,141,257586,1
682,NC_004629.1,NC_004629.1_122,,42,257586,1
683,NC_004629.1,NC_004629.1_123,,131,257586,1
684,NC_004629.1,NC_004629.1_124,,163,257586,1
685,NC_004629.1,NC_004629.1_125,,149,257586,1
686,NC_004629.1,NC_004629.1_126,,113,257586,1
687,NC_004629.1,NC_004629.1_127,,54,257586,1
688,NC_004629.1,NC_004629.1_128,,106,257586,1
689,NC_004629.1,NC_004629.1_129,,100,257586,1
690,NC_004629.1,NC_004629.1_130,,119,257586,1
691,NC_004629.1,NC_004629.1_131,,141,257586,1
692,NC_004629.1,NC_004629.1_132,,84,257586,1
693,NC_004629.1,NC_004629.1_133,,128,257586,1
694,NC_004629.1,NC_004629.1_134,,166,257586,1
695,NC_004629.1,NC_004629.1_135,,92,257586,1
696,NC_004629.1,NC_004629.1_136,,88,257586,1
697,NC_004629.1,NC_004629.1_137,,95,257586,1
698,NC_004629.1,NC_004629.1_138,,76,257586,1
699,NC_004629.1,NC_004629.1_139,,54,257586,1
700,NC_004629.1,NC_004629.1_140,,71,257586,1
701,NC_004629.1,NC_004629.1_141,,48,257586,1
702,NC_004629.1,NC_004629.1_142,,92,257586,1
703,NC_004629.1,NC_004629.1_143,,102,257586,1
704,NC_004629.1,NC_004629.1_144,,79,257586,1
705,NC_004629.1,NC_004629.1_145,,123,257586,1
706,NC_004629.1,NC_004629.1_146,,516,257586,1
707,NC_004629.1,NC_004629.1_147,,178,257586,1
708,NC_004629.1,NC_004629.1_148,,748,257586,1
709,NC_004629.1,NC_004629.1_149,,151,257586,1
710,NC_004629.1,NC_004629.1_150,,361,257586,1
711,NC_004629.1,NC_004629.1_151,,544,257586,1
712,NC_004629.1,NC_004629.1_152,,722,257586,1
713,NC_004629.1,NC_004629.1_153,,211,257586,1
714,NC_004629.1,NC_004629.1_154,,148,257586,1
715,NC_004629.1,NC_004629.1_155,,291,257586,1
716,NC_004629.1,NC_004629.1_156,,725,257586,1
717,NC_004629.1,NC_004629.1_157,,897,257586,1
718,NC_004629.1,NC_004629.1_158,,428,257586,1
719,NC_004629.1,NC_004629.1_159,,772,257586,1
720,NC_004629.1,NC_004629.1_160,,111,257586,1
721,NC_004629.1,NC_004629.1_161,,463,257586,1
722,NC_004629.1,NC_004629.1_162,,458,257586,1
723,NC_004629.1,NC_004629.1_163,,464,257586,1
724,NC_004629.1,NC_004629.1_164,,201,257586,1
725,NC_004629.1,NC_004629.1_165,,161,257586,1
726,NC_004629.1,NC_004629.1_166,,163,257586,1
727,NC_004629.1,NC_004629.1_167,,299,257586,1
728,NC_004629.1,NC_004629.1_168,,188,257586,1
729,NC_004629.1,NC_004629.1_169,,169,257586,1
730,NC_004629.1,NC_004629.1_170,,96,257586,1
731,NC_004629.1,NC_004629.1_171,,132,257586,1
732,NC_004629.1,NC_004629.1_172,,178,257586,1
733,NC_004629.1,NC_004629.1_173,,261,257586,1
734,NC_004629.1,NC_004629.1_174,,790,257586,1
735,NC_004629.1,NC_004629.1_175,,1094,257586,1
736,NC_004629.1,NC_004629.1_176,,239,257586,1
737,NC_004629.1,NC_004629.1_177,,169,257586,1
738,NC_004629.1,NC_004629.1_178,,225,257586,1
739,NC_004629.1,NC_004629.1_179,,107,257586,1
740,NC_004629.1,NC_004629.1_180,,117,257586,1
741,NC_004629.1,NC_004629.1_181,,480,257586,1
742,NC_004629.1,NC_004629.1_182,,305,257586,1
743,NC_004629.1,NC_004629.1_183,,105,257586,1
744,NC_004629.1,NC_004629.1_184,,483,257586,1
745,NC_004629.1,NC_004629.1_185,,134,257586,1
746,NC_004629.1,NC_004629.1_186,,97,257586,1
747,NC_004629.1,NC_004629.1_187,,446,257586,1
748,NC_004629.1,NC_004629.1_188,,317,257586,1
749,NC_004629.1,NC_004629.1_189,,135,257586,1
750,NC_004629.1,NC_004629.1_190,,158,257586,1
751,NC_004629.1,NC_004629.1_191,,212,257586,1
752,NC_004629.1,NC_004629.1_192,,523,257586,1
753,NC_004629.1,NC_004629.1_193,,396,257586,1
754,NC_004629.1,NC_004629.1_194,,89,257586,1
755,NC_004629.1,NC_004629.1_195,,294,257586,1
756,NC_004629.1,NC_004629.1_196,,831,257586,1
757,NC_004629.1,NC_004629.1_197,,59,257586,1
758,NC_004629.1,NC_004629.1_198,,132,257586,1
759,NC_004629.1,NC_004629.1_199,,69,257586,1
760,NC_004629.1,NC_004629.1_200,,143,257586,1
761,NC_004629.1,NC_004629.1_201,,219,257586,1
762,NC_004629.1,NC_004629.1_202,,172,257586,1
763,NC_004629.1,NC_004629.1_203,,175,257586,1
764,NC_004629.1,NC_004629.1_204,,254,257586,1
765,NC_004629.1,NC_004629.1_205,,147,257586,1
766,NC_004629.1,NC_004629.1_206,,309,257586,1
767,NC_004629.1,NC_004629.1_207,,355,257586,1
768,NC_004629.1,NC_004629.1_208,,271,257586,1
769,NC_004629.1,NC_004629.1_209,,241,257586,1
770,NC_004629.1,NC_004629.1_210,,520,257586,1
771,NC_004629.1,NC_004629.1_211,,66,257586,1
772,NC_004629.1,NC_004629.1_212,,1452,257586,1
773,NC_004629.1,NC_004629.1_213,,358,257586,1
774,NC_004629.1,NC_004629.1_214,,491,257586,1
775,NC_004629.1,NC_004629.1_215,,2238,257586,1
776,NC_004629.1,NC_004629.1_216,,665,257586,1
777,NC_004629.1,NC_004629.1_217,,102,257586,1
778,NC_004629.1,NC_004629.1_218,,231,257586,1
779,NC_004629.1,NC_004629.1_219,,185,257586,1
780,NC_004629.1,NC_004629.1_220,,81,257586,1
781,NC_004629.1,NC_004629.1_221,,135,257586,1
782,NC_004629.1,NC_004629.1_222,,110,257586,1
783,NC_004629.1,NC_004629.1_223,,353,257586,1
784,NC_004629.1,NC_004629.1_224,,84,257586,1
785,NC_004629.1,NC_004629.1_225,,147,257586,1
786,NC_004629.1,NC_004629.1_226,,264,257586,1
787,NC_004629.1,NC_004629.1_227,,242,257586,1
788,NC_004629.1,NC_004629.1_228,,121,257586,1
789,NC_004629.1,NC_004629.1_229,,119,257586,1
790,NC_004629.1,NC_004629.1_230,,125,257586,1
791,NC_004629.1,NC_004629.1_231,,121,257586,1
792,NC_004629.1,NC_004629.1_232,,121,257586,1
793,NC_004629.1,NC_004629.1_233,,163,257586,1
794,NC_004629.1,NC_004629.1_234,,144,257586,1
795,NC_004629.1,NC_004629.1_235,,220,257586,1
796,NC_004629.1,NC_004629.1_236,,650,257586,1
797,NC_004629.1,NC_004629.1_237,,157,257586,1
798,NC_004629.1,NC_004629.1_238,,696,257586,1
799,NC_004629.1,NC_004629.1_239,,132,257586,1
800,NC_004629.1,NC_004629.1_240,,59,257586,1
801,NC_004629.1,NC_004629.1_241,,134,257586,1
802,NC_004629.1,NC_004629.1_242,,237,257586,1
803,NC_004629.1,NC_004629.1_243,,218,257586,1
804,NC_004629.1,NC_004629.1_244,,367,257586,1
805,NC_004629.1,NC_004629.1_245,,201,257586,1
806,NC_004629.1,NC_004629.1_246,,111,257586,1
807,NC_004629.1,NC_004629.1_247,,86,257586,1
808,NC_004629.1,NC_004629.1_248,,140,257586,1
809,NC_004629.1,NC_004629.1_249,,115,257586,1
810,NC_004629.1,NC_004629.1_250,,180,257586,1
811,NC_004629.1,NC_004629.1_251,,190,257586,1
812,NC_004629.1,NC_004629.1_252,,79,257586,1
813,NC_004629.1,NC_004629.1_253,,159,257586,1
814,NC_004629.1,NC_004629.1_254,,64,257586,1
815,NC_004629.1,NC_004629.1_255,,72,257586,1
816,NC_004629.1,NC_004629.1_256,,100,257586,1
817,NC_004629.1,NC_004629.1_257,,378,257586,1
818,NC_004629.1,NC_004629.1_258,,157,257586,1
819,NC_004629.1,NC_004629.1_259,,116,257586,1
820,NC_004629.1,NC_004629.1_260,,111,257586,1
821,NC_004629.1,NC_004629.1_261,,133,257586,1
822,NC_004629.1,NC_004629.1_262,,138,257586,1
823,NC_004629.1,NC_004629.1_263,,100,257586,1
824,NC_004629.1,NC_004629.1_264,,110,257586,1
825,NC_004629.1,NC_004629.1_265,,172,257586,1
826,NC_004629.1,NC_004629.1_266,,200,257586,1
827,NC_004629.1,NC_004629.1_267,,122,257586,1
828,NC_004629.1,NC_004629.1_268,,99,257586,1
829,NC_004629.1,NC_004629.1_269,,97,257586,1
830,NC_004629.1,NC_004629.1_270,,58,257586,1
831,NC_004629.1,NC_004629.1_271,,156,257586,1
832,NC_004629.1,NC_004629.1_272,,303,257586,1
833,NC_004629.1,NC_004629.1_273,,55,257586,1
834,NC_004629.1,NC_004629.1_274,,236,257586,1
835,NC_004629.1,NC_004629.1_275,,98,257586,1
836,NC_004629.1,NC_004629.1_276,,67,257586,1
837,NC_004629.1,NC_004629.1_277,,489,257586,1
838,NC_004629.1,NC_004629.1_278,,136,257586,1
839,NC_004629.1,NC_004629.1_279,,278,257586,1
840,NC_004629.1,NC_004629.1_280,,167,257586,1
841,NC_004629.1,NC_004629.1_281,,44,257586,1
842,NC_004629.1,NC_004629.1_282,,98,257586,1
843,NC_004629.1,NC_004629.1_283,,41,257586,1
844,NC_004629.1,NC_004629.1_284,,139,257586,1
845,NC_004629.1,NC_004629.1_285,,161,257586,1
846,NC_004629.1,NC_004629.1_286,,110,257586,1
847,NC_004629.1,NC_004629.1_287,,146,257586,1
848,NC_004629.1,NC_004629.1_288,,299,257586,1
849,NC_004629.1,NC_004629.1_289,,119,257586,1
850,NC_004629.1,NC_004629.1_290,,145,257586,1
851,NC_004629.1,NC_004629.1_291,,219,257586,1
852,NC_004629.1,NC_004629.1_292,,88,257586,1
853,NC_004629.1,NC_004629.1_293,,136,257586,1
854,NC_004629.1,NC_004629.1_294,,120,257586,1
855,NC_004629.1,NC_004629.1_295,,265,257586,1
856,NC_004629.1,NC_004629.1_296,,128,257586,1
857,NC_004629.1,NC_004629.1_297,,152,257586,1
858,NC_004629.1,NC_004629.1_298,,126,257586,1
859,NC_004629.1,NC_004629.1_299,,80,257586,1
860,NC_004629.1,NC_004629.1_300,,36,257586,1
861,NC_004629.1,NC_004629.1_301,,125,257586,1
862,NC_004629.1,NC_004629.1_302,,152,257586,1
863,NC_004629.1,NC_004629.1_303,,77,257586,1
864,NC_004629.1,NC_004629.1_304,,229,257586,1
865,NC_004629.1,NC_004629.1_305,,125,257586,1
866,NC_004629.1,NC_004629.1_306,,145,257586,1
867,NC_004629.1,NC_004629.1_307,,120,257586,1
868,NC_004629.1,NC_004629.1_308,,115,257586,1
869,NC_004629.1,NC_004629.1_309,,141,257586,1
870,NC_004629.1,NC_004629.1_310,,78,257586,1
871,NC_004629.1,NC_004629.1_311,,93,257586,1
872,NC_004629.1,NC_004629.1_312,,140,257586,1
873,NC_004629.1,NC_004629.1_313,,99,257586,1
874,NC_004629.1,NC_004629.1_314,,146,257586,1
875,NC_004629.1,NC_004629.1_315,,144,257586,1
876,NC_004629.1,NC_004629.1_316,,101,257586,1
877,NC_004629.1,NC_004629.1_317,,51,257586,1
878,NC_004629.1,NC_004629.1_318,,51,257586,1
879,NC_004629.1,NC_004629.1_319,,101,257586,1
880,NC_004629.1,NC_004629.1_320,,71,257586,1
881,NC_004629.1,NC_004629.1_321,,126,257586,1
882,NC_004629.1,NC_004629.1_322,,122,257586,1
883,NC_004629.1,NC_004629.1_323,,112,257586,1
884,NC_004629.1,NC_004629.1_324,,229,257586,1
885,NC_004629.1,NC_004629.1_325,,80,257586,1
886,NC_004629.1,NC_004629.1_326,,120,257586,1
887,NC_004629.1,NC_004629.1_327,,174,257586,1
888,NC_004629.1,NC_004629.1_328,,100,257586,1
889,NC_004629.1,NC_004629.1_329,,147,257586,1
890,NC_004629.1,NC_004629.1_330,,171,257586,1
891,NC_004629.1,NC_004629.1_331,,120,257586,1
892,NC_004629.1,NC_004629.1_332,,119,257586,1
893,NC_004629.1,NC_004629.1_333,,172,257586,1
894,NC_004629.1,NC_004629.1_334,,155,257586,1
895,NC_004629.1,NC_004629.1_335,,118,257586,1
896,NC_004629.1,NC_004629.1_336,,279,257586,1
897,NC_004629.1,NC_004629.1_337,,262,257586,1
898,NC_004629.1,NC_004629.1_338,,509,257586,1
899,NC_004629.1,NC_004629.1_339,,63,257586,1
900,NC_004629.1,NC_004629.1_340,,218,257586,1
901,NC_004629.1,NC_004629.1_341,,138,257586,1
902,NC_004629.1,NC_004629.1_342,,127,257586,1
903,NC_004629.1,NC_004629.1_343,,244,257586,1
904,NC_004629.1,NC_004629.1_344,,167,257586,1
905,NC_004629.1,NC_004629.1_345,,50,257586,1
906,NC_004629.1,NC_004629.1_346,,227,257586,1
907,NC_004629.1,NC_004629.1_347,,130,257586,1
908,NC_004629.1,NC_004629.1_348,,137,257586,1
909,NC_004629.1,NC_004629.1_349,,59,257586,1
910,NC_004629.1,NC_004629.1_350,,46,257586,1
911,NC_004629.1,NC_004629.1_351,,210,257586,1
912,NC_004629.1,NC_004629.1_352,,32,257586,1
913,NC_004629.1,NC_004629.1_353,,97,257586,1
914,NC_004629.1,NC_004629.1_354,,62,257586,1
915,NC_004629.1,NC_004629.1_355,,161,257586,1
916,NC_004629.1,NC_004629.1_356,,171,257586,1
917,NC_004629.1,NC_004629.1_357,,336,257586,1
918,NC_004629.1,NC_004629.1_358,,116,257586,1
919,NC_004629.1,NC_004629.1_359,,96,257586,1
920,NC_004629.1,NC_004629.1_360,,74,257586,1
921,NC_004629.1,NC_004629.1_361,,98,257586,1
922,NC_004629.1,NC_004629.1_362,,151,257586,1
923,NC_004629.1,NC_004629.1_363,,647,257586,1
924,NC_004629.1,NC_004629.1_364,,138,257586,1
925,NC_004629.1,NC_004629.1_365,,388,257586,1
926,NC_004629.1,NC_004629.1_366,,763,257586,1
927,NC_001422.1,NC_001422.1_1,,45,5175,1
928,NC_001422.1,NC_001422.1_2,,87,5175,1
929,NC_001422.1,NC_001422.1_3,,153,5175,1
930,NC_001422.1,NC_001422.1_4,,39,5175,1
931,NC_001422.1,NC_001422.1_5,,428,5175,1
932,NC_001422.1,NC_001422.1_6,,176,5175,1
933,NC_001422.1,NC_001422.1_7,,329,5175,1
934,NC_001422.1,NC_001422.1_8,,468,5175,1
935,NC_001419.1,NC_001419.1_1,,277,5661,1
936,NC_001419.1,NC_001419.1_2,,88,5661,1
937,NC_001419.1,NC_001419.1_3,,74,5661,1
938,NC_001419.1,NC_001419.1_4,,425,5661,1
939,NC_001419.1,NC_001419.1_5,,113,5661,1
940,NC_001419.1,NC_001419.1_6,,349,5661,1
941,NC_001419.1,NC_001419.1_7,,427,5661,1
942,NC_001419.1,NC_001419.1_8,,134,5661,1
943,NC_004831.1,NC_004831.1_1,,58,39972,1
944,NC_004831.1,NC_004831.1_2,,34,39972,1
945,NC_004831.1,NC_004831.1_3,,60,39972,1
946,NC_004831.1,NC_004831.1_4,,70,39972,1
947,NC_004831.1,NC_004831.1_5,,120,39972,1
948,NC_004831.1,NC_004831.1_6,,39,39972,1
949,NC_004831.1,NC_004831.1_7,,64,39972,1
950,NC_004831.1,NC_004831.1_8,,295,39972,1
951,NC_004831.1,NC_004831.1_9,,875,39972,1
952,NC_004831.1,NC_004831.1_10,,43,39972,1
953,NC_004831.1,NC_004831.1_11,,662,39972,1
954,NC_004831.1,NC_004831.1_12,,204,39972,1
955,NC_004831.1,NC_004831.1_13,,57,39972,1
956,NC_004831.1,NC_004831.1_14,,54,39972,1
957,NC_004831.1,NC_004831.1_15,,850,39972,1
958,NC_004831.1,NC_004831.1_16,,33,39972,1
959,NC_004831.1,NC_004831.1_17,,126,39972,1
960,NC_004831.1,NC_004831.1_18,,269,39972,1
961,NC_004831.1,NC_004831.1_19,,73,39972,1
962,NC_004831.1,NC_004831.1_20,,123,39972,1
963,NC_004831.1,NC_004831.1_21,,343,39972,1
964,NC_004831.1,NC_004831.1_22,,137,39972,1
965,NC_004831.1,NC_004831.1_23,,336,39972,1
966,NC_004831.1,NC_004831.1_24,,157,39972,1
967,NC_004831.1,NC_004831.1_25,,316,39972,1
968,NC_004831.1,NC_004831.1_26,,65,39972,1
969,NC_004831.1,NC_004831.1_27,,58,39972,1
970,NC_004831.1,NC_004831.1_28,,154,39972,1
971,NC_004831.1,NC_004831.1_29,,70,39972,1
972,NC_004831.1,NC_004831.1_30,,516,39972,1
973,NC_004831.1,NC_004831.1_31,,301,39972,1
974,NC_004831.1,NC_004831.1_32,,402,39972,1
975,NC_004831.1,NC_004831.1_33,,247,39972,1
976,NC_004831.1,NC_004831.1_34,,804,39972,1
977,NC_004831.1,NC_004831.1_35,,240,39972,1
978,NC_004831.1,NC_004831.1_36,,979,39972,1
979,NC_004831.1,NC_004831.1_37,,1271,39972,1
980,NC_004831.1,NC_004831.1_38,,320,39972,1
981,NC_004831.1,NC_004831.1_39,,66,39972,1
982,NC_004831.1,NC_004831.1_40,,100,39972,1
983,NC_004831.1,NC_004831.1_41,,632,39972,1
984,NC_004831.1,NC_004831.1_42,,100,39972,1
985,NC_004831.1,NC_004831.1_43,,100,39972,1
986,NC_004831.1,NC_004831.1_44,,82,39972,1
987,NC_004831.1,NC_004831.1_45,,78,39972,1
988,NC_004831.1,NC_004831.1_46,,117,39972,1
989,NC_004831.1,NC_004831.1_47,,50,39972,1
990,NC_004831.1,NC_004831.1_48,,70,39972,1
991,NC_004831.1,NC_004831.1_49,,551,39972,1
992,NC_004831.1,NC_004831.1_50,,505,39972,1
993,NC_004831.1,NC_004831.1_51,,48,39972,1
994,NC_005833.1,NC_005833.1_1,,192,44523,1
995,NC_005833.1,NC_005833.1_2,,109,44523,1
996,NC_005833.1,NC_005833.1_3,,77,44523,1
997,NC_005833.1,NC_005833.1_4,,76,44523,1
998,NC_005833.1,NC_005833.1_5,,58,44523,1
999,NC_005833.1,NC_005833.1_6,,163,44523,1
1000,NC_005833.1,NC_005833.1_7,,162,44523,1
1001,NC_005833.1,NC_005833.1_8,,50,44523,1
1002,NC_005833.1,NC_005833.1_9,,125,44523,1
1003,NC_005833.1,NC_005833.1_10,,73,44523,1
1004,NC_005833.1,NC_005833.1_11,,149,44523,1
1005,NC_005833.1,NC_005833.1_12,,177,44523,1
1006,NC_005833.1,NC_005833.1_13,,165,44523,1
1007,NC_005833.1,NC_005833.1_14,,191,44523,1
1008,NC_005833.1,NC_005833.1_15,,70,44523,1
1009,NC_005833.1,NC_005833.1_16,,115,44523,1
1010,NC_005833.1,NC_005833.1_17,,77,44523,1
1011,NC_005833.1,NC_005833.1_18,,68,44523,1
1012,NC_005833.1,NC_005833.1_19,,54,44523,1
1013,NC_005833.1,NC_005833.1_20,,62,44523,1
1014,NC_005833.1,NC_005833.1_21,,76,44523,1
1015,NC_005833.1,NC_005833.1_22,,175,44523,1
1016,NC_005833.1,NC_005833.1_23,,523,44523,1
1017,NC_005833.1,NC_005833.1_24,,428,44523,1
1018,NC_005833.1,NC_005833.1_25,,254,44523,1
1019,NC_005833.1,NC_005833.1_26,,371,44523,1
1020,NC_005833.1,NC_005833.1_27,,159,44523,1
1021,NC_005833.1,NC_005833.1_28,,256,44523,1
1022,NC_005833.1,NC_005833.1_29,,320,44523,1
1023,NC_005833.1,NC_005833.1_30,,96,44523,1
1024,NC_005833.1,NC_005833.1_31,,137,44523,1
1025,NC_005833.1,NC_005833.1_32,,124,44523,1
1026,NC_005833.1,NC_005833.1_33,,148,44523,1
1027,NC_005833.1,NC_005833.1_34,,133,44523,1
1028,NC_005833.1,NC_005833.1_35,,223,44523,1
1029,NC_005833.1,NC_005833.1_36,,106,44523,1
1030,NC_005833.1,NC_005833.1_37,,66,44523,1
1031,NC_005833.1,NC_005833.1_38,,958,44523,1
1032,NC_005833.1,NC_005833.1_39,,118,44523,1
1033,NC_005833.1,NC_005833.1_40,,261,44523,1
1034,NC_005833.1,NC_005833.1_41,,245,44523,1
1035,NC_005833.1,NC_005833.1_42,,200,44523,1
1036,NC_005833.1,NC_005833.1_43,,1173,44523,1
1037,NC_005833.1,NC_005833.1_44,,102,44523,1
1038,NC_005833.1,NC_005833.1_45,,230,44523,1
1039,NC_005833.1,NC_005833.1_46,,76,44523,1
1040,NC_005833.1,NC_005833.1_47,,355,44523,1
1041,NC_005833.1,NC_005833.1_48,,227,44523,1
1042,NC_005833.1,NC_005833.1_49,,141,44523,1
1043,NC_005833.1,NC_005833.1_50,,729,44523,1
1044,NC_005833.1,NC_005833.1_51,,312,44523,1
1045,NC_005833.1,NC_005833.1_52,,151,44523,1
1046,NC_005833.1,NC_005833.1_53,,673,44523,1
1047,NC_005833.1,NC_005833.1_54,,139,44523,1
1048,NC_005833.1,NC_005833.1_55,,238,44523,1
1049,NC_005833.1,NC_005833.1_56,,84,44523,1
1050,NC_005833.1,NC_005833.1_57,,70,44523,1
1051,NC_005833.1,NC_005833.1_58,,91,44523,1
1052,NC_005833.1,NC_005833.1_59,,96,44523,1
1053,NC_005833.1,NC_005833.1_60,,378,44523,1
1054,NC_005833.1,NC_005833.1_61,,161,44523,1
1055,NC_005833.1,NC_005833.1_62,,59,44523,1
1056,NC_005833.1,NC_005833.1_63,,163,44523,1
1057,NC_005833.1,NC_005833.1_64,,134,44523,1
1058,NC_005833.1,NC_005833.1_65,,136,44523,1
1059,NC_005833.1,NC_005833.1_66,,523,44523,1
1060,NC_005833.1,NC_005833.1_67,,180,44523,1
1061,NC_005833.1,NC_005833.1_68,,139,44523,1
1062,NC_005833.1,NC_005833.1_69,,70,44523,1
1063,NC_005833.1,NC_005833.1_70,,75,44523,1
1064,NC_005833.1,NC_005833.1_71,,48,44523,1
1065,NC_005833.1,NC_005833.1_72,,107,44523,1
1066,NC_005833.1,NC_005833.1_73,,67,44523,1
1067,NC_005833.1,NC_005833.1_74,,124,44523,1
1068,NC_003287.1,NC_003287.1_1,,277,5661,1
1069,NC_003287.1,NC_003287.1_2,,88,5661,1
1070,NC_003287.1,NC_003287.1_3,,74,5661,1
1071,NC_003287.1,NC_003287.1_4,,425,5661,1
1072,NC_003287.1,NC_003287.1_5,,113,5661,1
1073,NC_003287.1,NC_003287.1_6,,349,5661,1
1074,NC_003287.1,NC_003287.1_7,,427,5661,1
1075,NC_003287.1,NC_003287.1_8,,134,5661,1
1076,NC_003298.1,NC_003298.1_1,,153,34419,1
1077,NC_003298.1,NC_003298.1_2,,66,34419,1
1078,NC_003298.1,NC_003298.1_3,,370,34419,1
1079,NC_003298.1,NC_003298.1_4,,885,34419,1
1080,NC_003298.1,NC_003298.1_5,,91,34419,1
1081,NC_003298.1,NC_003298.1_6,,47,34419,1
1082,NC_003298.1,NC_003298.1_7,,93,34419,1
1083,NC_003298.1,NC_003298.1_8,,347,34419,1
1084,NC_003298.1,NC_003298.1_9,,86,34419,1
1085,NC_003298.1,NC_003298.1_10,,164,34419,1
1086,NC_003298.1,NC_003298.1_11,,44,34419,1
1087,NC_003298.1,NC_003298.1_12,,55,34419,1
1088,NC_003298.1,NC_003298.1_13,,233,34419,1
1089,NC_003298.1,NC_003298.1_14,,153,34419,1
1090,NC_003298.1,NC_003298.1_15,,152,34419,1
1091,NC_003298.1,NC_003298.1_16,,36,34419,1
1092,NC_003298.1,NC_003298.1_17,,567,34419,1
1093,NC_003298.1,NC_003298.1_18,,71,34419,1
1094,NC_003298.1,NC_003298.1_19,,95,34419,1
1095,NC_003298.1,NC_003298.1_20,,705,34419,1
1096,NC_003298.1,NC_003298.1_21,,102,34419,1
1097,NC_003298.1,NC_003298.1_22,,99,34419,1
1098,NC_003298.1,NC_003298.1_23,,70,34419,1
1099,NC_003298.1,NC_003298.1_24,,53,34419,1
1100,NC_003298.1,NC_003298.1_25,,303,34419,1
1101,NC_003298.1,NC_003298.1_26,,38,34419,1
1102,NC_003298.1,NC_003298.1_27,,82,34419,1
1103,NC_003298.1,NC_003298.1_28,,84,34419,1
1104,NC_003298.1,NC_003298.1_29,,107,34419,1
1105,NC_003298.1,NC_003298.1_30,,536,34419,1
1106,NC_003298.1,NC_003298.1_31,,311,34419,1
1107,NC_003298.1,NC_003298.1_32,,348,34419,1
1108,NC_003298.1,NC_003298.1_33,,73,34419,1
1109,NC_003298.1,NC_003298.1_34,,197,34419,1
1110,NC_003298.1,NC_003298.1_35,,802,34419,1
1111,NC_003298.1,NC_003298.1_36,,137,34419,1
1112,NC_003298.1,NC_003298.1_37,,198,34419,1
1113,NC_003298.1,NC_003298.1_38,,749,34419,1
1114,NC_003298.1,NC_003298.1_39,,1319,34419,1
1115,NC_003298.1,NC_003298.1_40,,559,34419,1
1116,NC_003298.1,NC_003298.1_41,,68,34419,1
1117,NC_003298.1,NC_003298.1_42,,90,34419,1
1118,NC_003298.1,NC_003298.1_43,,148,34419,1
1119,NC_003298.1,NC_003298.1_44,,587,34419,1
1120,NC_000866.4,NC_000866.4_1,,726,157368,1
1121,NC_000866.4,NC_000866.4_2,,68,157368,1
1122,NC_000866.4,NC_000866.4_3,,98,157368,1
1123,NC_000866.4,NC_000866.4_4,,47,157368,1
1124,NC_000866.4,NC_000866.4_5,,127,157368,1
1125,NC_000866.4,NC_000866.4_6,,517,157368,1
1126,NC_000866.4,NC_000866.4_7,,66,157368,1
1127,NC_000866.4,NC_000866.4_8,,46,157368,1
1128,NC_000866.4,NC_000866.4_9,,142,157368,1
1129,NC_000866.4,NC_000866.4_10,,72,157368,1
1130,NC_000866.4,NC_000866.4_11,,163,157368,1
1131,NC_000866.4,NC_000866.4_12,,120,157368,1
1132,NC_000866.4,NC_000866.4_13,,167,157368,1
1133,NC_000866.4,NC_000866.4_14,,228,157368,1
1134,NC_000866.4,NC_000866.4_15,,81,157368,1
1135,NC_000866.4,NC_000866.4_16,,82,157368,1
1136,NC_000866.4,NC_000866.4_17,,440,157368,1
1137,NC_000866.4,NC_000866.4_18,,104,157368,1
1138,NC_000866.4,NC_000866.4_19,,249,157368,1
1139,NC_000866.4,NC_000866.4_20,,201,157368,1
1140,NC_000866.4,NC_000866.4_21,,208,157368,1
1141,NC_000866.4,NC_000866.4_22,,61,157368,1
1142,NC_000866.4,NC_000866.4_23,,157,157368,1
1143,NC_000866.4,NC_000866.4_24,,55,157368,1
1144,NC_000866.4,NC_000866.4_25,,68,157368,1
1145,NC_000866.4,NC_000866.4_26,,162,157368,1
1146,NC_000866.4,NC_000866.4_27,,114,157368,1
1147,NC_000866.4,NC_000866.4_28,,69,157368,1
1148,NC_000866.4,NC_000866.4_29,,81,157368,1
1149,NC_000866.4,NC_000866.4_30,,225,157368,1
1150,NC_000866.4,NC_000866.4_31,,172,157368,1
1151,NC_000866.4,NC_000866.4_32,,260,157368,1
1152,NC_000866.4,NC_000866.4_33,,67,157368,1
1153,NC_000866.4,NC_000866.4_34,,343,157368,1
1154,NC_000866.4,NC_000866.4_35,,55,157368,1
1155,NC_000866.4,NC_000866.4_36,,209,157368,1
1156,NC_000866.4,NC_000866.4_37,,98,157368,1
1157,NC_000866.4,NC_000866.4_38,,86,157368,1
1158,NC_000866.4,NC_000866.4_39,,61,157368,1
1159,NC_000866.4,NC_000866.4_40,,476,157368,1
1160,NC_000866.4,NC_000866.4_41,,115,157368,1
1161,NC_000866.4,NC_000866.4_42,,392,157368,1
1162,NC_000866.4,NC_000866.4_43,,222,157368,1
1163,NC_000866.4,NC_000866.4_44,,352,157368,1
1164,NC_000866.4,NC_000866.4_45,,247,157368,1
1165,NC_000866.4,NC_000866.4_46,,84,157368,1
1166,NC_000866.4,NC_000866.4_47,,126,157368,1
1167,NC_000866.4,NC_000866.4_48,,899,157368,1
1168,NC_000866.4,NC_000866.4_49,,123,157368,1
1169,NC_000866.4,NC_000866.4_50,,188,157368,1
1170,NC_000866.4,NC_000866.4_51,,320,157368,1
1171,NC_000866.4,NC_000866.4_52,,229,157368,1
1172,NC_000866.4,NC_000866.4_53,,130,157368,1
1173,NC_000866.4,NC_000866.4_54,,63,157368,1
1174,NC_000866.4,NC_000866.4_55,,561,157368,1
1175,NC_000866.4,NC_000866.4_56,,69,157368,1
1176,NC_000866.4,NC_000866.4_57,,88,157368,1
1177,NC_000866.4,NC_000866.4_58,,340,157368,1
1178,NC_000866.4,NC_000866.4_59,,401,157368,1
1179,NC_000866.4,NC_000866.4_60,,265,157368,1
1180,NC_000866.4,NC_000866.4_61,,64,157368,1
1181,NC_000866.4,NC_000866.4_62,,68,157368,1
1182,NC_000866.4,NC_000866.4_63,,106,157368,1
1183,NC_000866.4,NC_000866.4_64,,73,157368,1
1184,NC_000866.4,NC_000866.4_65,,186,157368,1
1185,NC_000866.4,NC_000866.4_66,,88,157368,1
1186,NC_000866.4,NC_000866.4_67,,109,157368,1
1187,NC_000866.4,NC_000866.4_68,,80,157368,1
1188,NC_000866.4,NC_000866.4_69,,44,157368,1
1189,NC_000866.4,NC_000866.4_70,,98,157368,1
1190,NC_000866.4,NC_000866.4_71,,61,157368,1
1191,NC_000866.4,NC_000866.4_72,,103,157368,1
1192,NC_000866.4,NC_000866.4_73,,71,157368,1
1193,NC_000866.4,NC_000866.4_74,,157,157368,1
1194,NC_000866.4,NC_000866.4_75,,211,157368,1
1195,NC_000866.4,NC_000866.4_76,,398,157368,1
1196,NC_000866.4,NC_000866.4_77,,259,157368,1
1197,NC_000866.4,NC_000866.4_78,,182,157368,1
1198,NC_000866.4,NC_000866.4_79,,158,157368,1
1199,NC_000866.4,NC_000866.4_80,,162,157368,1
1200,NC_000866.4,NC_000866.4_81,,107,157368,1
1201,NC_000866.4,NC_000866.4_82,,103,157368,1
1202,NC_000866.4,NC_000866.4_83,,88,157368,1
1203,NC_000866.4,NC_000866.4_84,,81,157368,1
1204,NC_000866.4,NC_000866.4_85,,105,157368,1
1205,NC_000866.4,NC_000866.4_86,,309,157368,1
1206,NC_000866.4,NC_000866.4_87,,344,157368,1
1207,NC_000866.4,NC_000866.4_88,,341,157368,1
1208,NC_000866.4,NC_000866.4_89,,276,157368,1
1209,NC_000866.4,NC_000866.4_90,,134,157368,1
1210,NC_000866.4,NC_000866.4_91,,176,157368,1
1211,NC_000866.4,NC_000866.4_92,,101,157368,1
1212,NC_000866.4,NC_000866.4_93,,326,157368,1
1213,NC_000866.4,NC_000866.4_94,,337,157368,1
1214,NC_000866.4,NC_000866.4_95,,260,157368,1
1215,NC_000866.4,NC_000866.4_96,,182,157368,1
1216,NC_000866.4,NC_000866.4_97,,39,157368,1
1217,NC_000866.4,NC_000866.4_98,,65,157368,1
1218,NC_000866.4,NC_000866.4_99,,61,157368,1
1219,NC_000866.4,NC_000866.4_100,,63,157368,1
1220,NC_000866.4,NC_000866.4_101,,129,157368,1
1221,NC_000866.4,NC_000866.4_102,,98,157368,1
1222,NC_000866.4,NC_000866.4_103,,71,157368,1
1223,NC_000866.4,NC_000866.4_104,,194,157368,1
1224,NC_000866.4,NC_000866.4_105,,63,157368,1
1225,NC_000866.4,NC_000866.4_106,,62,157368,1
1226,NC_000866.4,NC_000866.4_107,,71,157368,1
1227,NC_000866.4,NC_000866.4_108,,156,157368,1
1228,NC_000866.4,NC_000866.4_109,,116,157368,1
1229,NC_000866.4,NC_000866.4_110,,182,157368,1
1230,NC_000866.4,NC_000866.4_111,,154,157368,1
1231,NC_000866.4,NC_000866.4_112,,93,157368,1
1232,NC_000866.4,NC_000866.4_113,,89,157368,1
1233,NC_000866.4,NC_000866.4_114,,59,157368,1
1234,NC_000866.4,NC_000866.4_115,,121,157368,1
1235,NC_000866.4,NC_000866.4_116,,110,157368,1
1236,NC_000866.4,NC_000866.4_117,,195,157368,1
1237,NC_000866.4,NC_000866.4_118,,139,157368,1
1238,NC_000866.4,NC_000866.4_119,,101,157368,1
1239,NC_000866.4,NC_000866.4_120,,194,157368,1
1240,NC_000866.4,NC_000866.4_121,,165,157368,1
1241,NC_000866.4,NC_000866.4_122,,147,157368,1
1242,NC_000866.4,NC_000866.4_123,,103,157368,1
1243,NC_000866.4,NC_000866.4_124,,121,157368,1
1244,NC_000866.4,NC_000866.4_125,,131,157368,1
1245,NC_000866.4,NC_000866.4_126,,203,157368,1
1246,NC_000866.4,NC_000866.4_127,,198,157368,1
1247,NC_000866.4,NC_000866.4_128,,112,157368,1
1248,NC_000866.4,NC_000866.4_129,,88,157368,1
1249,NC_000866.4,NC_000866.4_130,,222,157368,1
1250,NC_000866.4,NC_000866.4_131,,96,157368,1
1251,NC_000866.4,NC_000866.4_132,,137,157368,1
1252,NC_000866.4,NC_000866.4_133,,62,157368,1
1253,NC_000866.4,NC_000866.4_134,,96,157368,1
1254,NC_000866.4,NC_000866.4_135,,153,157368,1
1255,NC_000866.4,NC_000866.4_136,,81,157368,1
1256,NC_000866.4,NC_000866.4_137,,242,157368,1
1257,NC_000866.4,NC_000866.4_138,,177,157368,1
1258,NC_000866.4,NC_000866.4_139,,275,157368,1
1259,NC_000866.4,NC_000866.4_140,,151,157368,1
1260,NC_000866.4,NC_000866.4_141,,197,157368,1
1261,NC_000866.4,NC_000866.4_142,,576,157368,1
1262,NC_000866.4,NC_000866.4_143,,165,157368,1
1263,NC_000866.4,NC_000866.4_144,,141,157368,1
1264,NC_000866.4,NC_000866.4_145,,98,157368,1
1265,NC_000866.4,NC_000866.4_146,,661,157368,1
1266,NC_000866.4,NC_000866.4_147,,1033,157368,1
1267,NC_000866.4,NC_000866.4_148,,335,157368,1
1268,NC_000866.4,NC_000866.4_149,,289,157368,1
1269,NC_000866.4,NC_000866.4_150,,603,157368,1
1270,NC_000866.4,NC_000866.4_151,,220,157368,1
1271,NC_000866.4,NC_000866.4_152,,528,157368,1
1272,NC_000866.4,NC_000866.4_153,,488,157368,1
1273,NC_000866.4,NC_000866.4_154,,310,157368,1
1274,NC_000866.4,NC_000866.4_155,,257,157368,1
1275,NC_000866.4,NC_000866.4_156,,273,157368,1
1276,NC_000866.4,NC_000866.4_157,,165,157368,1
1277,NC_000866.4,NC_000866.4_158,,611,157368,1
1278,NC_000866.4,NC_000866.4_159,,660,157368,1
1279,NC_000866.4,NC_000866.4_160,,164,157368,1
1280,NC_000866.4,NC_000866.4_161,,525,157368,1
1281,NC_000866.4,NC_000866.4_162,,81,157368,1
1282,NC_000866.4,NC_000866.4_163,,142,157368,1
1283,NC_000866.4,NC_000866.4_164,,213,157368,1
1284,NC_000866.4,NC_000866.4_165,,270,157368,1
1285,NC_000866.4,NC_000866.4_166,,522,157368,1
1286,NC_000866.4,NC_000866.4_167,,221,157368,1
1287,NC_000866.4,NC_000866.4_168,,428,157368,1
1288,NC_000866.4,NC_000866.4_169,,335,157368,1
1289,NC_000866.4,NC_000866.4_170,,93,157368,1
1290,NC_000866.4,NC_000866.4_171,,57,157368,1
1291,NC_000866.4,NC_000866.4_172,,377,157368,1
1292,NC_000866.4,NC_000866.4_173,,227,157368,1
1293,NC_000866.4,NC_000866.4_174,,206,157368,1
1294,NC_000866.4,NC_000866.4_175,,588,157368,1
1295,NC_000866.4,NC_000866.4_176,,56,157368,1
1296,NC_000866.4,NC_000866.4_177,,75,157368,1
1297,NC_000866.4,NC_000866.4_178,,138,157368,1
1298,NC_000866.4,NC_000866.4_179,,133,157368,1
1299,NC_000866.4,NC_000866.4_180,,209,157368,1
1300,NC_000866.4,NC_000866.4_181,,250,157368,1
1301,NC_000866.4,NC_000866.4_182,,392,157368,1
1302,NC_000866.4,NC_000866.4_183,,178,157368,1
1303,NC_000866.4,NC_000866.4_184,,591,157368,1
1304,NC_000866.4,NC_000866.4_185,,365,157368,1
1305,NC_000866.4,NC_000866.4_186,,321,157368,1
1306,NC_000866.4,NC_000866.4_187,,97,157368,1
1307,NC_000866.4,NC_000866.4_188,,68,157368,1
1308,NC_000866.4,NC_000866.4_189,,62,157368,1
1309,NC_000866.4,NC_000866.4_190,,683,157368,1
1310,NC_000866.4,NC_000866.4_191,,63,157368,1
1311,NC_000866.4,NC_000866.4_192,,488,157368,1
1312,NC_000866.4,NC_000866.4_193,,90,157368,1
1313,NC_000866.4,NC_000866.4_194,,279,157368,1
1314,NC_000866.4,NC_000866.4_195,,153,157368,1
1315,NC_000866.4,NC_000866.4_196,,69,157368,1
1316,NC_000866.4,NC_000866.4_197,,66,157368,1
1317,NC_000866.4,NC_000866.4_198,,96,157368,1
1318,NC_000866.4,NC_000866.4_199,,122,157368,1
1319,NC_000866.4,NC_000866.4_200,,111,157368,1
1320,NC_000866.4,NC_000866.4_201,,59,157368,1
1321,NC_000866.4,NC_000866.4_202,,83,157368,1
1322,NC_000866.4,NC_000866.4_203,,112,157368,1
1323,NC_000866.4,NC_000866.4_204,,103,157368,1
1324,NC_000866.4,NC_000866.4_205,,79,157368,1
1325,NC_000866.4,NC_000866.4_206,,194,157368,1
1326,NC_000866.4,NC_000866.4_207,,113,157368,1
1327,NC_000866.4,NC_000866.4_208,,77,157368,1
1328,NC_000866.4,NC_000866.4_209,,92,157368,1
1329,NC_000866.4,NC_000866.4_210,,67,157368,1
1330,NC_000866.4,NC_000866.4_211,,66,157368,1
1331,NC_000866.4,NC_000866.4_212,,302,157368,1
1332,NC_000866.4,NC_000866.4_213,,76,157368,1
1333,NC_000866.4,NC_000866.4_214,,100,157368,1
1334,NC_000866.4,NC_000866.4_215,,118,157368,1
1335,NC_000866.4,NC_000866.4_216,,169,157368,1
1336,NC_000866.4,NC_000866.4_217,,375,157368,1
1337,NC_000866.4,NC_000866.4_218,,137,157368,1
1338,NC_000866.4,NC_000866.4_219,,160,157368,1
1339,NC_000866.4,NC_000866.4_220,,98,157368,1
1340,NC_000866.4,NC_000866.4_221,,222,157368,1
1341,NC_000866.4,NC_000866.4_222,,84,157368,1
1342,NC_000866.4,NC_000866.4_223,,142,157368,1
1343,NC_000866.4,NC_000866.4_224,,755,157368,1
1344,NC_000866.4,NC_000866.4_225,,109,157368,1
1345,NC_000866.4,NC_000866.4_226,,88,157368,1
1346,NC_000866.4,NC_000866.4_227,,105,157368,1
1347,NC_000866.4,NC_000866.4_228,,246,157368,1
1348,NC_000866.4,NC_000866.4_229,,184,157368,1
1349,NC_000866.4,NC_000866.4_230,,194,157368,1
1350,NC_000866.4,NC_000866.4_231,,81,157368,1
1351,NC_000866.4,NC_000866.4_232,,129,157368,1
1352,NC_000866.4,NC_000866.4_233,,76,157368,1
1353,NC_000866.4,NC_000866.4_234,,302,157368,1
1354,NC_000866.4,NC_000866.4_235,,211,157368,1
1355,NC_000866.4,NC_000866.4_236,,218,157368,1
1356,NC_000866.4,NC_000866.4_237,,113,157368,1
1357,NC_000866.4,NC_000866.4_238,,90,157368,1
1358,NC_000866.4,NC_000866.4_239,,306,157368,1
1359,NC_000866.4,NC_000866.4_240,,1290,157368,1
1360,NC_000866.4,NC_000866.4_241,,373,157368,1
1361,NC_000866.4,NC_000866.4_242,,222,157368,1
1362,NC_000866.4,NC_000866.4_243,,1027,157368,1
1363,NC_000866.4,NC_000866.4_244,,184,157368,1
1364,NC_000866.4,NC_000866.4_245,,219,157368,1
1365,NC_000866.4,NC_000866.4_246,,91,157368,1
1366,NC_000866.4,NC_000866.4_247,,51,157368,1
1367,NC_000866.4,NC_000866.4_248,,93,157368,1
1368,NC_000866.4,NC_000866.4_249,,40,157368,1
1369,NC_000866.4,NC_000866.4_250,,99,157368,1
1370,NC_000866.4,NC_000866.4_251,,153,157368,1
1371,NC_000866.4,NC_000866.4_252,,69,157368,1
1372,NC_000866.4,NC_000866.4_253,,212,157368,1
1373,NC_000866.4,NC_000866.4_254,,50,157368,1
1374,NC_000866.4,NC_000866.4_255,,443,157368,1
1375,NC_000866.4,NC_000866.4_256,,52,157368,1
1376,NC_000866.4,NC_000866.4_257,,152,157368,1
1377,NC_000866.4,NC_000866.4_258,,72,157368,1
1378,NC_000866.4,NC_000866.4_259,,33,157368,1
1379,NC_000866.4,NC_000866.4_260,,186,157368,1
1380,NC_000866.4,NC_000866.4_261,,65,157368,1
1381,NC_000866.4,NC_000866.4_262,,313,157368,1
1382,NC_005859.1,NC_005859.1_1,,245,104481,1
1383,NC_005859.1,NC_005859.1_2,,132,104481,1
1384,NC_005859.1,NC_005859.1_3,,93,104481,1
1385,NC_005859.1,NC_005859.1_4,,557,104481,1
1386,NC_005859.1,NC_005859.1_5,,49,104481,1
1387,NC_005859.1,NC_005859.1_6,,66,104481,1
1388,NC_005859.1,NC_005859.1_7,,136,104481,1
1389,NC_005859.1,NC_005859.1_8,,84,104481,1
1390,NC_005859.1,NC_005859.1_9,,68,104481,1
1391,NC_005859.1,NC_005859.1_10,,173,104481,1
1392,NC_005859.1,NC_005859.1_11,,337,104481,1
1393,NC_005859.1,NC_005859.1_12,,77,104481,1
1394,NC_005859.1,NC_005859.1_13,,60,104481,1
1395,NC_005859.1,NC_005859.1_14,,71,104481,1
1396,NC_005859.1,NC_005859.1_15,,115,104481,1
1397,NC_005859.1,NC_005859.1_16,,32,104481,1
1398,NC_005859.1,NC_005859.1_17,,86,104481,1
1399,NC_005859.1,NC_005859.1_18,,68,104481,1
1400,NC_005859.1,NC_005859.1_19,,295,104481,1
1401,NC_005859.1,NC_005859.1_20,,203,104481,1
1402,NC_005859.1,NC_005859.1_21,,62,104481,1
1403,NC_005859.1,NC_005859.1_22,,78,104481,1
1404,NC_005859.1,NC_005859.1_23,,97,104481,1
1405,NC_005859.1,NC_005859.1_24,,163,104481,1
1406,NC_005859.1,NC_005859.1_25,,68,104481,1
1407,NC_005859.1,NC_005859.1_26,,124,104481,1
1408,NC_005859.1,NC_005859.1_27,,154,104481,1
1409,NC_005859.1,NC_005859.1_28,,67,104481,1
1410,NC_005859.1,NC_005859.1_29,,49,104481,1
1411,NC_005859.1,NC_005859.1_30,,109,104481,1
1412,NC_005859.1,NC_005859.1_31,,82,104481,1
1413,NC_005859.1,NC_005859.1_32,,94,104481,1
1414,NC_005859.1,NC_005859.1_33,,55,104481,1
1415,NC_005859.1,NC_005859.1_34,,84,104481,1
1416,NC_005859.1,NC_005859.1_35,,144,104481,1
1417,NC_005859.1,NC_005859.1_36,,41,104481,1
1418,NC_005859.1,NC_005859.1_37,,174,104481,1
1419,NC_005859.1,NC_005859.1_38,,288,104481,1
1420,NC_005859.1,NC_005859.1_39,,82,104481,1
1421,NC_005859.1,NC_005859.1_40,,97,104481,1
1422,NC_005859.1,NC_005859.1_41,,144,104481,1
1423,NC_005859.1,NC_005859.1_42,,139,104481,1
1424,NC_005859.1,NC_005859.1_43,,138,104481,1
1425,NC_005859.1,NC_005859.1_44,,228,104481,1
1426,NC_005859.1,NC_005859.1_45,,200,104481,1
1427,NC_005859.1,NC_005859.1_46,,251,104481,1
1428,NC_005859.1,NC_005859.1_47,,148,104481,1
1429,NC_005859.1,NC_005859.1_48,,166,104481,1
1430,NC_005859.1,NC_005859.1_49,,233,104481,1
1431,NC_005859.1,NC_005859.1_50,,115,104481,1
1432,NC_005859.1,NC_005859.1_51,,95,104481,1
1433,NC_005859.1,NC_005859.1_52,,110,104481,1
1434,NC_005859.1,NC_005859.1_53,,171,104481,1
1435,NC_005859.1,NC_005859.1_54,,100,104481,1
1436,NC_005859.1,NC_005859.1_55,,94,104481,1
1437,NC_005859.1,NC_005859.1_56,,116,104481,1
1438,NC_005859.1,NC_005859.1_57,,104,104481,1
1439,NC_005859.1,NC_005859.1_58,,123,104481,1
1440,NC_005859.1,NC_005859.1_59,,97,104481,1
1441,NC_005859.1,NC_005859.1_60,,55,104481,1
1442,NC_005859.1,NC_005859.1_61,,84,104481,1
1443,NC_005859.1,NC_005859.1_62,,194,104481,1
1444,NC_005859.1,NC_005859.1_63,,67,104481,1
1445,NC_005859.1,NC_005859.1_64,,58,104481,1
1446,NC_005859.1,NC_005859.1_65,,195,104481,1
1447,NC_005859.1,NC_005859.1_66,,56,104481,1
1448,NC_005859.1,NC_005859.1_67,,116,104481,1
1449,NC_005859.1,NC_005859.1_68,,62,104481,1
1450,NC_005859.1,NC_005859.1_69,,173,104481,1
1451,NC_005859.1,NC_005859.1_70,,43,104481,1
1452,NC_005859.1,NC_005859.1_71,,91,104481,1
1453,NC_005859.1,NC_005859.1_72,,92,104481,1
1454,NC_005859.1,NC_005859.1_73,,69,104481,1
1455,NC_005859.1,NC_005859.1_74,,56,104481,1
1456,NC_005859.1,NC_005859.1_75,,228,104481,1
1457,NC_005859.1,NC_005859.1_76,,173,104481,1
1458,NC_005859.1,NC_005859.1_77,,322,104481,1
1459,NC_005859.1,NC_005859.1_78,,139,104481,1
1460,NC_005859.1,NC_005859.1_79,,316,104481,1
1461,NC_005859.1,NC_005859.1_80,,145,104481,1
1462,NC_005859.1,NC_005859.1_81,,57,104481,1
1463,NC_005859.1,NC_005859.1_82,,150,104481,1
1464,NC_005859.1,NC_005859.1_83,,106,104481,1
1465,NC_005859.1,NC_005859.1_84,,213,104481,1
1466,NC_005859.1,NC_005859.1_85,,61,104481,1
1467,NC_005859.1,NC_005859.1_86,,234,104481,1
1468,NC_005859.1,NC_005859.1_87,,79,104481,1
1469,NC_005859.1,NC_005859.1_88,,172,104481,1
1470,NC_005859.1,NC_005859.1_89,,93,104481,1
1471,NC_005859.1,NC_005859.1_90,,159,104481,1
1472,NC_005859.1,NC_005859.1_91,,280,104481,1
1473,NC_005859.1,NC_005859.1_92,,178,104481,1
1474,NC_005859.1,NC_005859.1_93,,382,104481,1
1475,NC_005859.1,NC_005859.1_94,,175,104481,1
1476,NC_005859.1,NC_005859.1_95,,812,104481,1
1477,NC_005859.1,NC_005859.1_96,,53,104481,1
1478,NC_005859.1,NC_005859.1_97,,251,104481,1
1479,NC_005859.1,NC_005859.1_98,,575,104481,1
1480,NC_005859.1,NC_005859.1_99,,127,104481,1
1481,NC_005859.1,NC_005859.1_100,,78,104481,1
1482,NC_005859.1,NC_005859.1_101,,273,104481,1
1483,NC_005859.1,NC_005859.1_102,,62,104481,1
1484,NC_005859.1,NC_005859.1_103,,61,104481,1
1485,NC_005859.1,NC_005859.1_104,,169,104481,1
1486,NC_005859.1,NC_005859.1_105,,143,104481,1
1487,NC_005859.1,NC_005859.1_106,,131,104481,1
1488,NC_005859.1,NC_005859.1_107,,929,104481,1
1489,NC_005859.1,NC_005859.1_108,,173,104481,1
1490,NC_005859.1,NC_005859.1_109,,78,104481,1
1491,NC_005859.1,NC_005859.1_110,,235,104481,1
1492,NC_005859.1,NC_005859.1_111,,84,104481,1
1493,NC_005859.1,NC_005859.1_112,,137,104481,1
1494,NC_005859.1,NC_005859.1_113,,99,104481,1
1495,NC_005859.1,NC_005859.1_114,,103,104481,1
1496,NC_005859.1,NC_005859.1_115,,324,104481,1
1497,NC_005859.1,NC_005859.1_116,,260,104481,1
1498,NC_005859.1,NC_005859.1_117,,256,104481,1
1499,NC_005859.1,NC_005859.1_118,,503,104481,1
1500,NC_005859.1,NC_005859.1_119,,178,104481,1
1501,NC_005859.1,NC_005859.1_120,,297,104481,1
1502,NC_005859.1,NC_005859.1_121,,856,104481,1
1503,NC_005859.1,NC_005859.1_122,,166,104481,1
1504,NC_005859.1,NC_005859.1_123,,451,104481,1
1505,NC_005859.1,NC_005859.1_124,,95,104481,1
1506,NC_005859.1,NC_005859.1_125,,258,104481,1
1507,NC_005859.1,NC_005859.1_126,,326,104481,1
1508,NC_005859.1,NC_005859.1_127,,613,104481,1
1509,NC_005859.1,NC_005859.1_128,,161,104481,1
1510,NC_005859.1,NC_005859.1_129,,292,104481,1
1511,NC_005859.1,NC_005859.1_130,,149,104481,1
1512,NC_005859.1,NC_005859.1_131,,88,104481,1
1513,NC_005859.1,NC_005859.1_132,,1397,104481,1
1514,NC_005859.1,NC_005859.1_133,,88,104481,1
1515,NC_005859.1,NC_005859.1_134,,62,104481,1
1516,NC_005859.1,NC_005859.1_135,,689,104481,1
1517,NC_005859.1,NC_005859.1_136,,950,104481,1
1518,NC_005859.1,NC_005859.1_137,,205,104481,1
1519,NC_005859.1,NC_005859.1_138,,1220,104481,1
1520,NC_005859.1,NC_005859.1_139,,251,104481,1
1521,NC_005859.1,NC_005859.1_140,,123,104481,1
1522,NC_005859.1,NC_005859.1_141,,135,104481,1
1523,NC_005859.1,NC_005859.1_142,,299,104481,1
1524,NC_005859.1,NC_005859.1_143,,465,104481,1
1525,NC_005859.1,NC_005859.1_144,,162,104481,1
1526,NC_005859.1,NC_005859.1_145,,256,104481,1
1527,NC_005859.1,NC_005859.1_146,,171,104481,1
1528,NC_005859.1,NC_005859.1_147,,459,104481,1
1529,NC_005859.1,NC_005859.1_148,,211,104481,1
1530,NC_005859.1,NC_005859.1_149,,165,104481,1
1531,NC_005859.1,NC_005859.1_150,,404,104481,1
1532,NC_005859.1,NC_005859.1_151,,146,104481,1
1533,NC_005859.1,NC_005859.1_152,,225,104481,1
1534,NC_005859.1,NC_005859.1_153,,439,104481,1
1535,NC_005859.1,NC_005859.1_154,,161,104481,1
1536,NC_005859.1,NC_005859.1_155,,641,104481,1
1537,NC_005859.1,NC_005859.1_156,,78,104481,1
1538,NC_005859.1,NC_005859.1_157,,43,104481,1
1539,NC_005859.1,NC_005859.1_158,,36,104481,1
1540,NC_005859.1,NC_005859.1_159,,65,104481,1
1541,NC_005859.1,NC_005859.1_160,,82,104481,1
1542,NC_005859.1,NC_005859.1_161,,245,104481,1
1543,NC_005859.1,NC_005859.1_162,,132,104481,1
1544,NC_005859.1,NC_005859.1_163,,93,104481,1
1545,NC_005859.1,NC_005859.1_164,,557,104481,1
1546,NC_005859.1,NC_005859.1_165,,49,104481,1
1547,NC_005859.1,NC_005859.1_166,,66,104481,1
1548,NC_005859.1,NC_005859.1_167,,136,104481,1
1549,NC_005859.1,NC_005859.1_168,,84,104481,1
1550,NC_005859.1,NC_005859.1_169,,68,104481,1
1551,NC_005859.1,NC_005859.1_170,,173,104481,1
1552,NC_005859.1,NC_005859.1_171,,337,104481,1
1553,NC_005859.1,NC_005859.1_172,,77,104481,1
1554,NC_005859.1,NC_005859.1_173,,60,104481,1
1555,NC_005859.1,NC_005859.1_174,,71,104481,1
1556,NC_005859.1,NC_005859.1_175,,115,104481,1
1557,NC_005859.1,NC_005859.1_176,,32,104481,1
1558,NC_005859.1,NC_005859.1_177,,86,104481,1
1559,NC_005859.1,NC_005859.1_178,,68,104481,1
1560,NC_001604.1,NC_001604.1_1,,118,36255,1
1561,NC_001604.1,NC_001604.1_2,,52,36255,1
1562,NC_001604.1,NC_001604.1_3,,48,36255,1
1563,NC_001604.1,NC_001604.1_4,,54,36255,1
1564,NC_001604.1,NC_001604.1_5,,360,36255,1
1565,NC_001604.1,NC_001604.1_6,,884,36255,1
1566,NC_001604.1,NC_001604.1_7,,43,36255,1
1567,NC_001604.1,NC_001604.1_8,,86,36255,1
1568,NC_001604.1,NC_001604.1_9,,360,36255,1
1569,NC_001604.1,NC_001604.1_10,,52,36255,1
1570,NC_001604.1,NC_001604.1_11,,87,36255,1
1571,NC_001604.1,NC_001604.1_12,,197,36255,1
1572,NC_001604.1,NC_001604.1_13,,49,36255,1
1573,NC_001604.1,NC_001604.1_14,,65,36255,1
1574,NC_001604.1,NC_001604.1_15,,233,36255,1
1575,NC_001604.1,NC_001604.1_16,,140,36255,1
1576,NC_001604.1,NC_001604.1_17,,150,36255,1
1577,NC_001604.1,NC_001604.1_18,,152,36255,1
1578,NC_001604.1,NC_001604.1_19,,122,36255,1
1579,NC_001604.1,NC_001604.1_20,,567,36255,1
1580,NC_001604.1,NC_001604.1_21,,71,36255,1
1581,NC_001604.1,NC_001604.1_22,,90,36255,1
1582,NC_001604.1,NC_001604.1_23,,136,36255,1
1583,NC_001604.1,NC_001604.1_24,,705,36255,1
1584,NC_001604.1,NC_001604.1_25,,119,36255,1
1585,NC_001604.1,NC_001604.1_26,,100,36255,1
1586,NC_001604.1,NC_001604.1_27,,70,36255,1
1587,NC_001604.1,NC_001604.1_28,,53,36255,1
1588,NC_001604.1,NC_001604.1_29,,301,36255,1
1589,NC_001604.1,NC_001604.1_30,,85,36255,1
1590,NC_001604.1,NC_001604.1_31,,89,36255,1
1591,NC_001604.1,NC_001604.1_32,,134,36255,1
1592,NC_001604.1,NC_001604.1_33,,100,36255,1
1593,NC_001604.1,NC_001604.1_34,,131,36255,1
1594,NC_001604.1,NC_001604.1_35,,537,36255,1
1595,NC_001604.1,NC_001604.1_36,,308,36255,1
1596,NC_001604.1,NC_001604.1_37,,346,36255,1
1597,NC_001604.1,NC_001604.1_38,,53,36255,1
1598,NC_001604.1,NC_001604.1_39,,197,36255,1
1599,NC_001604.1,NC_001604.1_40,,795,36255,1
1600,NC_001604.1,NC_001604.1_41,,139,36255,1
1601,NC_001604.1,NC_001604.1_42,,197,36255,1
1602,NC_001604.1,NC_001604.1_43,,748,36255,1
1603,NC_001604.1,NC_001604.1_44,,1319,36255,1
1604,NC_001604.1,NC_001604.1_45,,554,36255,1
1605,NC_001604.1,NC_001604.1_46,,68,36255,1
1606,NC_001604.1,NC_001604.1_47,,90,36255,1
1607,NC_001604.1,NC_001604.1_48,,144,36255,1
1608,NC_001604.1,NC_001604.1_49,,587,36255,1
